2024-05-28 04:00:00,176.46,176.67,176.46,176.67,496
2024-05-28 04:05:00,176.5,176.52,176.5,176.5,2099
2024-05-28 04:10:00,176.34,176.34,176.3,176.3,700
2024-05-28 04:15:00,176.41,176.41,176.41,176.41,238
2024-05-28 04:20:00,176.44,176.44,176.4,176.4,213
2024-05-28 04:25:00,176.4,176.4,176.3,176.3,1454
2024-05-28 04:35:00,176.21,176.21,176.17,176.17,200
2024-05-28 04:40:00,176.15,176.17,176.15,176.17,885
2024-05-28 04:45:00,176.22,176.22,176.19,176.19,2484
2024-05-28 04:50:00,176.09,176.09,176.08,176.08,400
2024-05-28 04:55:00,176.0,176.13,176.0,176.13,700
2024-05-28 05:00:00,176.1,176.1,175.99,176.01,669
2024-05-28 05:10:00,176.0,176.0,175.94,175.94,430
2024-05-28 05:20:00,175.95,175.95,175.95,175.95,100
2024-05-28 05:25:00,175.99,175.99,175.95,175.95,231
2024-05-28 05:30:00,175.86,175.99,175.77,175.98,1913
2024-05-28 05:35:00,175.99,176.23,175.99,176.22,949
2024-05-28 05:45:00,176.18,176.18,176.18,176.18,100
2024-05-28 05:55:00,176.0,176.0,176.0,176.0,433
2024-05-28 06:00:00,176.0,176.0,176.0,176.0,1557
2024-05-28 06:05:00,175.94,175.94,175.94,175.94,226
2024-05-28 06:15:00,175.89,175.89,175.89,175.89,100
2024-05-28 06:20:00,175.82,175.82,175.6,175.6,407
2024-05-28 06:25:00,175.6,175.6,175.5,175.59,1213
2024-05-28 06:30:00,175.48,175.48,175.48,175.48,200
2024-05-28 06:35:00,175.48,175.48,175.2,175.25,1276
2024-05-28 06:40:00,175.09,175.09,175.03,175.04,703
2024-05-28 06:45:00,175.01,175.01,174.82,174.82,1701
2024-05-28 06:55:00,174.97,174.97,174.83,174.83,3199
2024-05-28 07:00:00,175.0,175.19,175.0,175.1,1534
2024-05-28 07:05:00,175.1,175.22,175.0,175.22,3596
2024-05-28 07:10:00,175.13,175.14,175.08,175.1,4479
2024-05-28 07:15:00,175.14,175.14,175.13,175.13,7511
2024-05-28 07:20:00,175.06,175.06,174.9,174.9,5488
2024-05-28 07:25:00,174.79,174.79,174.79,174.79,400
2024-05-28 07:30:00,174.7,174.76,174.7,174.76,300
2024-05-28 07:35:00,174.86,174.9,174.86,174.9,641
2024-05-28 07:40:00,174.78,174.82,174.78,174.82,641
2024-05-28 07:45:00,174.84,174.94,174.82,174.93,2853
2024-05-28 07:50:00,174.93,175.2,174.93,175.2,1078
2024-05-28 07:55:00,175.13,175.18,175.13,175.13,2463
2024-05-28 08:00:00,175.21,176.32,174.7,175.0,12608
2024-05-28 08:05:00,176.5,176.99,175.01,175.0109,3519
2024-05-28 08:10:00,175.01,175.01,174.83,174.92,2064
2024-05-28 08:15:00,174.98,174.996,174.98,174.996,1002
2024-05-28 08:20:00,175.0,175.07,175.0,175.07,866
2024-05-28 08:25:00,175.21,175.21,175.16,175.16,700
2024-05-28 08:30:00,175.25,175.2993,175.2,175.2993,4151
2024-05-28 08:35:00,175.3,175.42,175.3,175.42,334
2024-05-28 08:40:00,175.5,175.5,175.39,175.4,2354
2024-05-28 08:45:00,175.4,175.4,175.26,175.29,5330
2024-05-28 08:50:00,175.29,175.29,175.22,175.23,1892
2024-05-28 08:55:00,175.22,175.3,175.22,175.3,3829
2024-05-28 09:00:00,175.25,175.25,175.11,175.11,788
2024-05-28 09:05:00,175.12,175.23,175.06,175.15,3112
2024-05-28 09:10:00,175.15,175.3171,175.15,175.2982,3646
2024-05-28 09:15:00,175.25,175.25,175.25,175.25,221
2024-05-28 09:20:00,175.28,175.28,175.2,175.2,1746
2024-05-28 09:25:00,175.15,175.95,174.75,175.81,39165
2024-05-28 09:30:00,175.76,178.38,175.68,178.02,1056821
2024-05-28 09:35:00,177.995,178.51,177.78,177.925,397707
2024-05-28 09:40:00,177.95,178.07,176.77,176.82,222781
2024-05-28 09:45:00,176.79,176.87,176.25,176.52,235503
2024-05-28 09:50:00,176.5172,176.69,176.23,176.38,158268
2024-05-28 09:55:00,176.37,176.68,176.33,176.56,165558
2024-05-28 10:00:00,176.56,177.0399,176.41,176.995,163288
2024-05-28 10:05:00,177.0,177.67,176.925,177.47,238303
2024-05-28 10:10:00,177.4796,177.65,177.4191,177.42,119006
2024-05-28 10:15:00,177.44,177.44,176.92,176.98,84239
2024-05-28 10:20:00,177.04,177.11,176.74,176.98,79776
2024-05-28 10:25:00,176.97,177.43,176.95,177.42,81248
2024-05-28 10:30:00,177.42,177.56,177.29,177.53,105991
2024-05-28 10:35:00,177.53,177.6,177.3503,177.385,96531
2024-05-28 10:40:00,177.37,177.71,177.29,177.64,84787
2024-05-28 10:45:00,177.63,177.7,177.47,177.665,89276
2024-05-28 10:50:00,177.66,177.84,177.55,177.825,81372
2024-05-28 10:55:00,177.82,177.9595,177.75,177.92,69553
2024-05-28 11:00:00,177.92,177.95,177.73,177.79,81449
2024-05-28 11:05:00,177.795,177.86,177.69,177.78,57018
2024-05-28 11:10:00,177.79,177.8403,177.73,177.8,52495
2024-05-28 11:15:00,177.8,177.84,177.675,177.8318,55647
2024-05-28 11:20:00,177.83,177.88,177.74,177.8155,55461
2024-05-28 11:25:00,177.81,177.84,177.73,177.766,41928
2024-05-28 11:30:00,177.77,178.02,177.76,177.79,102348
2024-05-28 11:35:00,177.785,177.89,177.74,177.785,53422
2024-05-28 11:40:00,177.79,177.87,177.76,177.865,50166
2024-05-28 11:45:00,177.86,177.9,177.83,177.835,34624
2024-05-28 11:50:00,177.83,177.91,177.81,177.85,58084
2024-05-28 11:55:00,177.85,178.1495,177.85,178.09,102788
2024-05-28 12:00:00,178.08,178.2,178.06,178.08,89381
2024-05-28 12:05:00,178.0772,178.15,178.0,178.0645,76741
2024-05-28 12:10:00,178.07,178.26,178.05,178.26,59914
2024-05-28 12:15:00,178.26,178.26,178.07,178.085,47599
2024-05-28 12:20:00,178.08,178.21,178.05,178.07,63757
2024-05-28 12:25:00,178.0703,178.085,177.8301,177.96,44796
2024-05-28 12:30:00,177.96,178.139,177.955,178.135,62050
2024-05-28 12:35:00,178.14,178.2,178.07,178.1,62603
2024-05-28 12:40:00,178.11,178.145,178.0101,178.03,42400
2024-05-28 12:45:00,178.03,178.1375,177.93,177.965,61054
2024-05-28 12:50:00,177.96,177.98,177.77,177.78,68708
2024-05-28 12:55:00,177.77,177.77,177.52,177.63,65780
2024-05-28 13:00:00,177.64,177.73,177.41,177.47,76547
2024-05-28 13:05:00,177.47,177.66,177.47,177.635,53443
2024-05-28 13:10:00,177.64,177.66,177.475,177.49,41509
2024-05-28 13:15:00,177.49,177.59,177.47,177.5701,39987
2024-05-28 13:20:00,177.575,177.6288,177.51,177.51,48530
2024-05-28 13:25:00,177.52,177.56,177.42,177.5168,55435
2024-05-28 13:30:00,177.52,177.62,177.43,177.56,56927
2024-05-28 13:35:00,177.5492,177.6,177.46,177.56,49497
2024-05-28 13:40:00,177.57,177.59,177.51,177.58,65826
2024-05-28 13:45:00,177.59,177.64,177.41,177.5,60653
2024-05-28 13:50:00,177.52,177.745,177.46,177.65,88682
2024-05-28 13:55:00,177.64,177.665,177.56,177.66,60852
2024-05-28 14:00:00,177.65,177.8,177.62,177.77,52293
2024-05-28 14:05:00,177.78,177.82,177.73,177.79,45682
2024-05-28 14:10:00,177.7962,177.87,177.72,177.745,46678
2024-05-28 14:15:00,177.74,177.76,177.54,177.59,49271
2024-05-28 14:20:00,177.59,177.6,177.52,177.56,48718
2024-05-28 14:25:00,177.5611,177.6,177.3,177.3444,91265
2024-05-28 14:30:00,177.36,177.42,177.14,177.15,98926
2024-05-28 14:35:00,177.15,177.15,176.92,177.049,62434
2024-05-28 14:40:00,177.04,177.23,177.02,177.23,59866
2024-05-28 14:45:00,177.24,177.3516,177.1799,177.35,36550
2024-05-28 14:50:00,177.35,177.37,177.22,177.325,42545
2024-05-28 14:55:00,177.33,177.57,177.325,177.54,131196
2024-05-28 15:00:00,177.54,177.61,177.43,177.47,42016
2024-05-28 15:05:00,177.48,177.6,177.46,177.525,65334
2024-05-28 15:10:00,177.5289,177.54,177.44,177.52,51394
2024-05-28 15:15:00,177.51,177.51,177.41,177.41,54820
2024-05-28 15:20:00,177.405,177.44,177.29,177.43,60274
2024-05-28 15:25:00,177.445,177.54,177.29,177.33,99352
2024-05-28 15:30:00,177.34,177.58,177.33,177.49,93389
2024-05-28 15:35:00,177.48,177.59,177.43,177.515,128709
2024-05-28 15:40:00,177.51,177.63,177.51,177.57,88048
2024-05-28 15:45:00,177.575,177.62,177.52,177.57,190919
2024-05-28 15:50:00,177.59,177.81,177.53,177.55,346330
2024-05-28 15:55:00,177.54,178.07,177.54,178.07,809366
2024-05-28 16:00:00,178.06,178.08,177.81,178.02,2287851
2024-05-28 16:05:00,177.96,178.2,177.8,178.09,5056
2024-05-28 16:10:00,178.0,178.03,178.0,178.03,250
2024-05-28 16:20:00,178.04,178.04,178.04,178.04,100
2024-05-28 16:30:00,178.0001,178.0001,178.0001,178.0001,100
2024-05-28 16:35:00,178.02,178.05,177.99,177.99,440
2024-05-28 16:40:00,178.0,178.0,178.0,178.0,200
2024-05-28 16:55:00,178.0,178.0,178.0,178.0,100
2024-05-28 17:05:00,178.0492,178.0883,178.0492,178.0883,1175
2024-05-28 17:10:00,178.16,178.16,178.16,178.16,100
2024-05-28 17:15:00,178.1,178.1281,178.1,178.1281,600
2024-05-28 17:30:00,178.0,178.0,178.0,178.0,600
2024-05-28 17:35:00,178.14,178.14,178.14,178.14,100
2024-05-28 17:40:00,178.06,178.06,178.06,178.06,1200
2024-05-28 17:55:00,178.0899,178.0899,178.0899,178.0899,100
2024-05-28 18:00:00,178.0,178.0,177.9,177.9,791
2024-05-28 18:05:00,177.93,177.93,177.93,177.93,113
2024-05-28 18:30:00,177.9,177.9,177.9,177.9,100
2024-05-28 18:45:00,177.93,177.95,177.9067,177.916,589
2024-05-28 19:10:00,177.99,177.99,177.99,177.99,100
2024-05-28 19:20:00,177.99,177.99,177.93,177.93,500
2024-05-28 19:25:00,177.99,178.0,177.99,177.99,300
2024-05-28 19:30:00,177.99,178.0,177.99,178.0,300
2024-05-28 19:40:00,178.07,178.07,178.07,178.07,200
2024-05-28 19:45:00,177.95,177.96,177.95,177.96,300
2024-05-29 04:00:00,177.41,177.41,177.41,177.41,100
2024-05-29 04:05:00,177.31,177.31,177.31,177.31,200
2024-05-29 04:10:00,177.15,177.15,177.15,177.15,100
2024-05-29 04:15:00,177.09,177.09,177.07,177.07,245
2024-05-29 04:20:00,176.95,176.95,176.95,176.95,100
2024-05-29 04:25:00,176.81,176.81,176.81,176.81,100
2024-05-29 04:30:00,177.1,177.1,177.1,177.1,100
2024-05-29 04:35:00,176.93,177.01,176.87,177.01,500
2024-05-29 04:55:00,177.11,177.11,177.04,177.04,1624
2024-05-29 05:10:00,177.04,177.04,177.04,177.04,199
2024-05-29 05:20:00,177.06,177.06,177.04,177.04,674
2024-05-29 05:25:00,177.04,177.04,177.04,177.04,100
2024-05-29 05:30:00,177.04,177.04,177.04,177.04,114
2024-05-29 05:35:00,177.04,177.04,177.04,177.04,834
2024-05-29 06:05:00,177.09,177.09,177.09,177.09,122
2024-05-29 07:05:00,177.14,177.14,177.14,177.14,100
2024-05-29 07:15:00,177.02,177.02,176.95,176.95,1100
2024-05-29 07:25:00,176.84,176.84,176.84,176.84,100
2024-05-29 07:40:00,177.04,177.04,177.04,177.04,100
2024-05-29 07:50:00,177.01,177.01,177.0,177.0,1231
2024-05-29 07:55:00,177.0,177.0,176.92,176.92,232
2024-05-29 08:00:00,177.1487,177.59,176.75,177.59,6360
2024-05-29 08:05:00,177.0,177.44,177.0,177.44,321
2024-05-29 08:10:00,176.91,176.91,176.91,176.91,200
2024-05-29 08:15:00,176.96,176.96,176.96,176.96,501
2024-05-29 08:20:00,176.91,176.91,176.8967,176.8967,350
2024-05-29 08:30:00,176.78,176.79,176.78,176.79,726
2024-05-29 08:35:00,176.8,176.8,176.76,176.79,1400
2024-05-29 08:40:00,176.885,176.885,176.885,176.885,100
2024-05-29 08:45:00,176.7811,176.7811,176.78,176.78,226
2024-05-29 08:50:00,176.8782,176.8782,176.76,176.76,800
2024-05-29 08:55:00,176.78,176.8,176.78,176.8,2973
2024-05-29 09:00:00,176.8,176.8,176.66,176.66,6491
2024-05-29 09:05:00,176.63,176.805,176.58,176.805,2208
2024-05-29 09:10:00,176.64,176.8,176.63,176.8,500
2024-05-29 09:15:00,176.78,176.78,176.78,176.78,300
2024-05-29 09:20:00,176.692,176.71,176.692,176.71,200
2024-05-29 09:25:00,176.78,176.94,176.19,176.84,19428
2024-05-29 09:30:00,176.85,177.83,176.74,177.54,578842
2024-05-29 09:35:00,177.53,177.56,176.26,176.7305,261908
2024-05-29 09:40:00,176.7504,177.01,176.5031,176.83,164475
2024-05-29 09:45:00,176.86,177.42,176.85,177.189,159913
2024-05-29 09:50:00,177.19,178.02,177.17,177.79,181273
2024-05-29 09:55:00,177.78,177.89,177.43,177.495,133552
2024-05-29 10:00:00,177.5,177.5079,177.14,177.15,95408
2024-05-29 10:05:00,177.145,177.28,177.04,177.24,114708
2024-05-29 10:10:00,177.235,177.875,177.235,177.74,145871
2024-05-29 10:15:00,177.75,177.93,177.61,177.86,87290
2024-05-29 10:20:00,177.86,178.17,177.79,178.17,129196
2024-05-29 10:25:00,178.18,178.19,177.85,177.86,94774
2024-05-29 10:30:00,177.87,177.91,177.74,177.85,82151
2024-05-29 10:35:00,177.85,177.85,177.66,177.71,66738
2024-05-29 10:40:00,177.7,177.83,177.58,177.77,66587
2024-05-29 10:45:00,177.77,177.86,177.51,177.65,73373
2024-05-29 10:50:00,177.655,177.81,177.545,177.775,67763
2024-05-29 10:55:00,177.78,177.89,177.72,177.865,94817
2024-05-29 11:00:00,177.865,178.03,177.86,178.0,86951
2024-05-29 11:05:00,178.0,178.05,177.63,177.665,79332
2024-05-29 11:10:00,177.665,177.82,177.645,177.6909,74839
2024-05-29 11:15:00,177.695,177.77,177.575,177.69,80311
2024-05-29 11:20:00,177.68,177.725,177.515,177.72,74550
2024-05-29 11:25:00,177.71,177.905,177.68,177.76,90765
2024-05-29 11:30:00,177.765,177.8,177.61,177.66,75734
2024-05-29 11:35:00,177.665,177.7772,177.5801,177.6,68693
2024-05-29 11:40:00,177.5818,177.65,177.51,177.6173,61929
2024-05-29 11:45:00,177.61,177.62,177.305,177.39,62086
2024-05-29 11:50:00,177.395,177.49,177.38,177.47,71032
2024-05-29 11:55:00,177.49,177.64,177.45,177.62,57243
2024-05-29 12:00:00,177.61,177.61,177.5,177.57,55622
2024-05-29 12:05:00,177.56,177.7,177.525,177.69,82533
2024-05-29 12:10:00,177.67,177.76,177.55,177.57,69391
2024-05-29 12:15:00,177.575,177.82,177.525,177.775,45685
2024-05-29 12:20:00,177.77,177.89,177.64,177.7593,67752
2024-05-29 12:25:00,177.755,177.92,177.75,177.84,60628
2024-05-29 12:30:00,177.85,177.95,177.785,177.949,61099
2024-05-29 12:35:00,177.94,178.229,177.905,178.16,111743
2024-05-29 12:40:00,178.155,178.16,177.96,178.045,82315
2024-05-29 12:45:00,178.045,178.17,178.04,178.105,61367
2024-05-29 12:50:00,178.11,178.226,178.035,178.18,78804
2024-05-29 12:55:00,178.175,178.23,178.1,178.16,70990
2024-05-29 13:00:00,178.15,178.17,177.94,178.1339,73753
2024-05-29 13:05:00,178.13,178.225,178.03,178.08,76219
2024-05-29 13:10:00,178.08,178.14,177.78,177.78,91240
2024-05-29 13:15:00,177.77,178.02,177.76,177.95,58773
2024-05-29 13:20:00,177.97,178.06,177.9,177.93,56542
2024-05-29 13:25:00,177.9273,178.1,177.91,178.08,54662
2024-05-29 13:30:00,178.075,178.105,177.94,177.96,52238
2024-05-29 13:35:00,177.955,177.99,177.87,177.935,49780
2024-05-29 13:40:00,177.935,177.97,177.84,177.9,48357
2024-05-29 13:45:00,177.905,177.938,177.76,177.79,50831
2024-05-29 13:50:00,177.79,178.04,177.79,178.0278,64938
2024-05-29 13:55:00,178.03,178.08,177.92,178.05,55503
2024-05-29 14:00:00,178.0609,178.14,178.01,178.12,98638
2024-05-29 14:05:00,178.11,178.11,178.01,178.05,70071
2024-05-29 14:10:00,178.05,178.0825,177.95,178.02,58893
2024-05-29 14:15:00,178.01,178.03,177.91,177.995,57265
2024-05-29 14:20:00,177.99,178.035,177.89,178.01,64906
2024-05-29 14:25:00,178.02,178.0275,177.9,177.925,49550
2024-05-29 14:30:00,177.925,177.93,177.6932,177.715,76812
2024-05-29 14:35:00,177.715,177.76,177.5215,177.55,56298
2024-05-29 14:40:00,177.55,177.745,177.53,177.61,53845
2024-05-29 14:45:00,177.6,177.6,177.41,177.45,89233
2024-05-29 14:50:00,177.455,177.49,177.34,177.4314,44858
2024-05-29 14:55:00,177.43,177.48,177.37,177.415,61633
2024-05-29 15:00:00,177.41,177.49,177.39,177.41,48452
2024-05-29 15:05:00,177.415,177.53,177.4,177.48,88241
2024-05-29 15:10:00,177.49,177.57,177.43,177.5599,72402
2024-05-29 15:15:00,177.56,177.595,177.495,177.565,94788
2024-05-29 15:20:00,177.57,177.84,177.555,177.83,67510
2024-05-29 15:25:00,177.83,177.97,177.81,177.85,94650
2024-05-29 15:30:00,177.84,177.95,177.84,177.92,69719
2024-05-29 15:35:00,177.92,178.07,177.8501,177.869,87701
2024-05-29 15:40:00,177.86,177.91,177.71,177.73,93846
2024-05-29 15:45:00,177.714,177.81,177.67,177.7,74036
2024-05-29 15:50:00,177.7,177.78,177.36,177.42,218578
2024-05-29 15:55:00,177.41,177.47,177.115,177.46,665389
2024-05-29 16:00:00,177.4,177.65,177.17,177.44,3365499
2024-05-29 16:05:00,177.44,177.73,177.4,177.59,18220
2024-05-29 16:10:00,177.62,177.84,177.6,177.84,1900
2024-05-29 16:15:00,177.84,177.91,177.82,177.9,3797
2024-05-29 16:20:00,177.9,177.94,177.4,177.94,8266
2024-05-29 16:25:00,177.84,177.89,177.84,177.89,1300
2024-05-29 16:30:00,177.84,177.88,177.69,177.88,1900
2024-05-29 16:35:00,177.9,177.92,177.8,177.9,2634
2024-05-29 16:40:00,177.9,178.1,177.9,178.1,3501
2024-05-29 16:45:00,178.05,178.1,177.8,177.86,3850
2024-05-29 16:50:00,177.83,177.83,177.53,177.61,1822
2024-05-29 16:55:00,177.61,177.68,177.61,177.68,600
2024-05-29 17:00:00,177.65,177.68,177.61,177.66,713
2024-05-29 17:05:00,177.67,177.67,177.67,177.67,100
2024-05-29 17:10:00,177.67,177.7,177.41,177.41,2477
2024-05-29 17:15:00,177.51,177.51,177.41,177.41,1296
2024-05-29 17:20:00,177.42,177.46,177.42,177.46,985
2024-05-29 17:35:00,177.27,177.27,177.27,177.27,113
2024-05-29 17:40:00,177.45,177.45,177.45,177.45,300
2024-05-29 17:50:00,177.45,177.59,177.4,177.59,4945
2024-05-29 18:00:00,177.47,177.47,177.26,177.38,400
2024-05-29 18:05:00,177.38,177.38,177.35,177.35,1485
2024-05-29 18:10:00,177.4,177.4,177.4,177.4,100
2024-05-29 18:15:00,177.27,177.27,177.26,177.26,400
2024-05-29 18:20:00,177.26,177.26,177.21,177.21,290
2024-05-29 18:25:00,177.11,177.11,177.11,177.11,200
2024-05-29 18:30:00,177.12,177.2,177.06,177.06,2090
2024-05-29 18:40:00,177.09,177.1,177.06,177.06,1210
2024-05-29 18:45:00,177.0,177.01,176.9,176.9,1200
2024-05-29 18:50:00,176.8306,176.85,176.82,176.82,310
2024-05-29 18:55:00,176.8,176.8,176.8,176.8,100
2024-05-29 19:00:00,176.9,176.9,176.88,176.9,500
2024-05-29 19:05:00,176.94,176.94,176.91,176.91,208
2024-05-29 19:10:00,176.91,176.91,176.91,176.91,1300
2024-05-29 19:15:00,176.83,176.83,176.83,176.83,100
2024-05-29 19:25:00,176.8,176.83,176.8,176.83,211
2024-05-29 19:30:00,176.98,176.98,176.98,176.98,116
2024-05-29 19:45:00,177.1,177.2,177.1,177.2,797
2024-05-29 19:50:00,177.29,177.35,177.29,177.35,458
2024-05-30 04:00:00,176.72,176.72,176.72,176.72,100
2024-05-30 04:25:00,177.15,177.15,177.14,177.14,200
2024-05-30 04:45:00,177.17,177.17,177.09,177.09,848
2024-05-30 05:15:00,177.01,177.01,176.99,176.99,1573
2024-05-30 05:35:00,176.86,176.86,176.86,176.86,100
2024-05-30 05:40:00,176.75,176.75,176.75,176.75,800
2024-05-30 06:20:00,176.73,176.73,176.73,176.73,696
2024-05-30 06:35:00,177.0,177.0,177.0,177.0,300
2024-05-30 06:50:00,177.23,177.23,177.23,177.23,376
2024-05-30 06:55:00,177.0,177.0,177.0,177.0,250
2024-05-30 07:00:00,176.88,176.88,176.88,176.88,100
2024-05-30 07:10:00,176.82,176.82,176.82,176.82,949
2024-05-30 07:15:00,176.83,176.9,176.83,176.9,2424
2024-05-30 07:25:00,176.84,176.9,176.84,176.9,514
2024-05-30 07:35:00,177.07,177.08,177.07,177.08,603
2024-05-30 07:45:00,177.0,177.0,177.0,177.0,398
2024-05-30 07:50:00,176.96,176.96,176.96,176.96,1048
2024-05-30 07:55:00,176.92,176.92,176.92,176.92,331
2024-05-30 08:00:00,176.9,177.0,176.43,176.43,1552
2024-05-30 08:05:00,176.52,176.52,176.52,176.52,182
2024-05-30 08:10:00,177.12,177.12,177.0,177.0,200
2024-05-30 08:20:00,177.05,177.05,177.05,177.05,100
2024-05-30 08:25:00,177.11,177.11,176.99,177.1,557
2024-05-30 08:30:00,177.12,177.51,177.12,177.51,2776
2024-05-30 08:35:00,177.58,177.58,177.3,177.3,756
2024-05-30 08:40:00,177.3301,177.51,177.3301,177.51,963
2024-05-30 08:45:00,177.51,177.51,177.29,177.29,667
2024-05-30 08:50:00,177.24,177.25,177.15,177.15,1100
2024-05-30 08:55:00,177.15,177.15,177.1,177.1,400
2024-05-30 09:05:00,177.07,177.08,176.93,176.93,845
2024-05-30 09:10:00,176.9304,176.9304,176.81,176.81,1600
2024-05-30 09:15:00,176.8,176.94,176.8,176.94,1528
2024-05-30 09:20:00,176.8,176.96,176.72,176.86,2441
2024-05-30 09:25:00,176.61,176.83,176.28,176.63,17644
2024-05-30 09:30:00,176.69,176.69,175.45,175.46,561773
2024-05-30 09:35:00,175.475,176.03,175.35,175.8505,229213
2024-05-30 09:40:00,175.86,176.09,175.46,176.03,134735
2024-05-30 09:45:00,176.03,176.22,175.82,175.905,149088
2024-05-30 09:50:00,175.92,175.9631,175.68,175.81,83132
2024-05-30 09:55:00,175.79,175.92,175.55,175.69,85631
2024-05-30 10:00:00,175.7,175.77,175.53,175.608,116436
2024-05-30 10:05:00,175.61,175.61,174.97,174.9999,234120
2024-05-30 10:10:00,174.998,175.0041,174.47,174.78,271638
2024-05-30 10:15:00,174.79,174.79,174.211,174.23,244865
2024-05-30 10:20:00,174.23,174.39,174.125,174.23,142762
2024-05-30 10:25:00,174.23,174.7299,174.19,174.56,201486
2024-05-30 10:30:00,174.55,174.58,174.13,174.225,220950
2024-05-30 10:35:00,174.22,174.67,174.19,174.62,108068
2024-05-30 10:40:00,174.62,174.64,174.26,174.29,88703
2024-05-30 10:45:00,174.3,174.5895,174.29,174.53,85157
2024-05-30 10:50:00,174.53,174.71,174.28,174.35,72332
2024-05-30 10:55:00,174.35,174.6,174.335,174.5,90146
2024-05-30 11:00:00,174.51,174.7899,174.4,174.5299,98129
2024-05-30 11:05:00,174.51,174.7806,174.48,174.69,76446
2024-05-30 11:10:00,174.68,174.72,174.21,174.21,99435
2024-05-30 11:15:00,174.2,174.42,174.17,174.37,83620
2024-05-30 11:20:00,174.37,174.41,174.12,174.33,78014
2024-05-30 11:25:00,174.33,174.41,174.25,174.36,56556
2024-05-30 11:30:00,174.35,174.57,174.3,174.54,83297
2024-05-30 11:35:00,174.55,174.63,174.4301,174.48,57835
2024-05-30 11:40:00,174.47,174.59,174.385,174.5,55198
2024-05-30 11:45:00,174.5,174.54,174.3874,174.45,53581
2024-05-30 11:50:00,174.44,174.57,174.3301,174.375,61824
2024-05-30 11:55:00,174.44,174.44,174.3,174.31,41657
2024-05-30 12:00:00,174.3101,174.44,174.24,174.24,42917
2024-05-30 12:05:00,174.26,174.32,174.11,174.16,72851
2024-05-30 12:10:00,174.15,174.24,174.07,174.14,91256
2024-05-30 12:15:00,174.1205,174.5,174.1205,174.41,105644
2024-05-30 12:20:00,174.42,174.6,174.41,174.43,56745
2024-05-30 12:25:00,174.435,174.47,174.15,174.18,41841
2024-05-30 12:30:00,174.17,174.23,174.0601,174.21,58972
2024-05-30 12:35:00,174.21,174.27,174.12,174.1935,42280
2024-05-30 12:40:00,174.19,174.25,174.04,174.16,54398
2024-05-30 12:45:00,174.16,174.4,174.16,174.38,54399
2024-05-30 12:50:00,174.38,174.41,174.27,174.305,74185
2024-05-30 12:55:00,174.305,174.41,174.2403,174.41,42771
2024-05-30 13:00:00,174.4089,174.605,174.32,174.42,57196
2024-05-30 13:05:00,174.43,174.6,174.42,174.5,43933
2024-05-30 13:10:00,174.49,174.74,174.49,174.67,63105
2024-05-30 13:15:00,174.67,174.74,174.56,174.57,40580
2024-05-30 13:20:00,174.57,174.64,174.42,174.6,80495
2024-05-30 13:25:00,174.59,174.64,174.5,174.61,38607
2024-05-30 13:30:00,174.63,174.7,174.6,174.62,44521
2024-05-30 13:35:00,174.615,174.77,174.57,174.73,41750
2024-05-30 13:40:00,174.72,174.79,174.63,174.665,47767
2024-05-30 13:45:00,174.66,174.68,174.41,174.44,35053
2024-05-30 13:50:00,174.44,174.5138,174.4,174.5001,75816
2024-05-30 13:55:00,174.51,174.51,174.4,174.49,40459
2024-05-30 14:00:00,174.49,174.58,174.4,174.41,49606
2024-05-30 14:05:00,174.4,174.57,174.37,174.47,34162
2024-05-30 14:10:00,174.47,174.47,174.34,174.345,54467
2024-05-30 14:15:00,174.35,174.39,174.165,174.33,81105
2024-05-30 14:20:00,174.33,174.39,174.2,174.23,53729
2024-05-30 14:25:00,174.2205,174.23,174.09,174.12,64908
2024-05-30 14:30:00,174.12,174.28,174.11,174.205,51225
2024-05-30 14:35:00,174.21,174.3,174.11,174.26,76955
2024-05-30 14:40:00,174.27,174.29,174.12,174.12,51896
2024-05-30 14:45:00,174.1119,174.1119,173.78,173.7989,120007
2024-05-30 14:50:00,173.8,173.86,173.63,173.66,80210
2024-05-30 14:55:00,173.66,173.87,173.6,173.84,70755
2024-05-30 15:00:00,173.84,173.89,173.59,173.7499,100620
2024-05-30 15:05:00,173.75,173.8,173.54,173.56,91590
2024-05-30 15:10:00,173.555,173.6,173.45,173.565,124378
2024-05-30 15:15:00,173.56,173.73,173.55,173.615,113761
2024-05-30 15:20:00,173.61,173.79,173.55,173.59,118918
2024-05-30 15:25:00,173.585,173.8,173.52,173.66,75274
2024-05-30 15:30:00,173.68,173.71,173.395,173.4,106186
2024-05-30 15:35:00,173.39,173.44,173.23,173.4299,131634
2024-05-30 15:40:00,173.425,173.64,173.34,173.59,112227
2024-05-30 15:45:00,173.585,173.62,173.28,173.41,127932
2024-05-30 15:50:00,173.4,173.875,173.325,173.62,275102
2024-05-30 15:55:00,173.64,173.92,173.37,173.58,597537
2024-05-30 16:00:00,173.56,173.56,173.53,173.53,2119976
2024-05-30 16:05:00,173.56,173.56,173.52,173.56,44984
2024-05-30 16:10:00,173.48,173.52,173.38,173.38,2585
2024-05-30 16:15:00,173.41,173.58,173.41,173.52,2735
2024-05-30 16:20:00,173.55,173.79,173.55,173.79,4952
2024-05-30 16:25:00,173.64,173.78,173.64,173.78,353
2024-05-30 16:30:00,173.78,173.78,173.65,173.65,756
2024-05-30 16:35:00,173.8,173.8,173.66,173.66,1100
2024-05-30 16:40:00,173.6,173.68,173.56,173.68,12939
2024-05-30 16:45:00,173.7,173.7555,173.7,173.7555,240
2024-05-30 16:55:00,173.7494,173.83,173.68,173.83,2482
2024-05-30 17:00:00,173.85,173.85,173.85,173.85,833
2024-05-30 17:05:00,173.87,173.87,173.87,173.87,100
2024-05-30 17:10:00,173.68,173.72,173.68,173.72,611
2024-05-30 17:15:00,173.78,173.93,173.56,173.9,1123
2024-05-30 17:20:00,173.9,173.9,173.6219,173.6219,361
2024-05-30 17:25:00,173.8,173.8,173.8,173.8,100
2024-05-30 17:30:00,173.8,173.8,173.6068,173.79,545
2024-05-30 17:35:00,173.6,173.6305,173.6,173.6305,1950
2024-05-30 17:40:00,173.6303,173.71,173.63,173.71,430
2024-05-30 17:50:00,173.6001,173.6001,173.6001,173.6001,325
2024-05-30 18:00:00,173.79,173.79,173.48,173.48,646
2024-05-30 18:05:00,173.7,173.7,173.56,173.56,500
2024-05-30 18:15:00,173.56,173.56,173.56,173.56,180
2024-05-30 18:25:00,173.39,173.39,173.31,173.31,241
2024-05-30 18:30:00,173.45,173.45,173.45,173.45,100
2024-05-30 18:35:00,173.34,173.34,173.34,173.34,100
2024-05-30 18:40:00,173.53,173.53,173.45,173.45,547
2024-05-30 18:45:00,173.56,173.56,173.56,173.56,866
2024-05-30 18:55:00,173.44,173.44,173.3,173.3,2882
2024-05-30 19:05:00,173.39,173.39,173.39,173.39,100
2024-05-30 19:10:00,173.47,173.47,173.44,173.44,326
2024-05-30 19:15:00,173.44,173.44,173.36,173.36,892
2024-05-30 19:20:00,173.38,173.38,173.38,173.38,339
2024-05-30 19:25:00,173.38,173.38,173.38,173.38,332
2024-05-30 19:30:00,173.38,173.59,173.38,173.5799,2432
2024-05-30 19:35:00,173.42,173.42,173.39,173.39,600
2024-05-30 19:40:00,173.56,173.56,173.56,173.56,100
2024-05-30 19:45:00,173.39,173.39,173.3899,173.3899,202
2024-05-30 19:55:00,173.1,173.11,173.1,173.11,555
2024-05-31 04:00:00,173.15,173.15,172.74,172.97,924
2024-05-31 04:05:00,172.94,172.94,172.94,172.94,100
2024-05-31 04:10:00,172.92,173.11,172.92,173.11,292
2024-05-31 05:20:00,173.0,173.0,173.0,173.0,150
2024-05-31 06:15:00,173.11,173.11,173.11,173.11,100
2024-05-31 06:20:00,173.11,173.11,173.11,173.11,200
2024-05-31 06:45:00,173.11,173.11,173.1,173.1,1277
2024-05-31 06:50:00,173.1,173.1,173.1,173.1,1708
2024-05-31 07:00:00,173.34,173.34,173.27,173.27,1306
2024-05-31 07:05:00,173.3,173.3,173.3,173.3,374
2024-05-31 07:10:00,173.45,173.45,173.45,173.45,1100
2024-05-31 07:20:00,173.38,173.38,173.38,173.38,100
2024-05-31 07:30:00,173.34,173.34,173.3,173.3,276
2024-05-31 07:35:00,173.31,173.31,173.3,173.3,231
2024-05-31 07:40:00,173.35,173.49,173.35,173.49,6467
2024-05-31 07:45:00,173.5,173.63,173.5,173.63,3696
2024-05-31 07:50:00,173.75,173.89,173.75,173.8,697
2024-05-31 07:55:00,173.8,173.8,173.8,173.8,2182
2024-05-31 08:00:00,173.64,173.94,172.89,172.89,10079
2024-05-31 08:05:00,172.99,173.96,172.89,173.96,2815
2024-05-31 08:10:00,173.9956,173.9956,173.98,173.98,350
2024-05-31 08:15:00,173.98,174.1,173.98,174.1,1480
2024-05-31 08:20:00,174.27,174.2785,174.2,174.2785,1463
2024-05-31 08:25:00,174.25,174.25,174.0903,174.1,3499
2024-05-31 08:30:00,174.3,174.94,174.3,174.86,5383
2024-05-31 08:35:00,174.78,174.86,174.64,174.83,1138
2024-05-31 08:40:00,174.75,174.84,174.55,174.58,869
2024-05-31 08:45:00,174.42,174.491,174.3519,174.3519,2339
2024-05-31 08:50:00,174.47,174.489,174.29,174.45,1055
2024-05-31 08:55:00,174.3,174.3,174.22,174.22,1311
2024-05-31 09:00:00,174.2,174.26,174.18,174.18,343
2024-05-31 09:05:00,174.09,174.23,174.09,174.23,800
2024-05-31 09:10:00,174.26,174.26,174.26,174.26,1395
2024-05-31 09:15:00,174.23,174.23,174.15,174.15,216
2024-05-31 09:20:00,174.17,174.17,174.05,174.05,1607
2024-05-31 09:25:00,174.03,174.05,172.84,173.17,28502
2024-05-31 09:30:00,173.4,174.42,173.05,173.3,548289
2024-05-31 09:35:00,173.272,173.33,172.82,173.3,230821
2024-05-31 09:40:00,173.3,173.436,172.71,172.94,158284
2024-05-31 09:45:00,172.93,173.09,172.57,173.06,194351
2024-05-31 09:50:00,173.08,173.26,172.84,172.885,117513
2024-05-31 09:55:00,172.91,173.11,172.74,172.8,133118
2024-05-31 10:00:00,172.8,173.03,172.7,172.95,145770
2024-05-31 10:05:00,172.92,173.46,172.91,173.42,207599
2024-05-31 10:10:00,173.42,173.485,173.165,173.2215,126408
2024-05-31 10:15:00,173.23,173.28,172.655,172.72,106042
2024-05-31 10:20:00,172.73,173.05,172.53,172.64,116825
2024-05-31 10:25:00,172.68,172.76,172.31,172.42,137100
2024-05-31 10:30:00,172.41,172.41,171.81,172.02,233397
2024-05-31 10:35:00,171.99,172.32,171.95,172.01,223092
2024-05-31 10:40:00,172.01,172.25,171.865,171.98,110432
2024-05-31 10:45:00,171.9899,172.18,171.97,172.005,123769
2024-05-31 10:50:00,172.01,172.1477,171.8,172.01,97142
2024-05-31 10:55:00,172.03,172.4,171.96,172.25,98059
2024-05-31 11:00:00,172.26,172.33,171.98,172.04,101976
2024-05-31 11:05:00,172.05,172.21,171.8394,172.02,95024
2024-05-31 11:10:00,172.02,172.08,171.54,171.54,98022
2024-05-31 11:15:00,171.55,171.69,171.42,171.67,127231
2024-05-31 11:20:00,171.665,171.685,171.29,171.39,96340
2024-05-31 11:25:00,171.385,171.78,171.37,171.75,90018
2024-05-31 11:30:00,171.74,171.76,171.525,171.665,103893
2024-05-31 11:35:00,171.665,171.7399,171.33,171.33,83795
2024-05-31 11:40:00,171.34,171.635,171.326,171.475,91471
2024-05-31 11:45:00,171.47,171.545,171.41,171.47,72070
2024-05-31 11:50:00,171.48,171.5754,171.37,171.434,53582
2024-05-31 11:55:00,171.43,171.59,171.39,171.51,53455
2024-05-31 12:00:00,171.5099,171.73,171.49,171.6,104808
2024-05-31 12:05:00,171.6,171.72,171.5,171.7,53164
2024-05-31 12:10:00,171.69,171.74,171.48,171.4942,124893
2024-05-31 12:15:00,171.49,171.51,171.28,171.32,94295
2024-05-31 12:20:00,171.31,171.33,170.97,171.13,112814
2024-05-31 12:25:00,171.105,171.2,171.06,171.12,93190
2024-05-31 12:30:00,171.1203,171.32,171.1008,171.2201,72674
2024-05-31 12:35:00,171.215,171.51,171.1817,171.49,81546
2024-05-31 12:40:00,171.49,171.66,171.37,171.47,67756
2024-05-31 12:45:00,171.475,171.6,171.395,171.53,81312
2024-05-31 12:50:00,171.52,171.65,171.41,171.565,59649
2024-05-31 12:55:00,171.56,171.63,171.51,171.63,35576
2024-05-31 13:00:00,171.64,171.84,171.63,171.65,48364
2024-05-31 13:05:00,171.64,171.705,171.53,171.66,38615
2024-05-31 13:10:00,171.65,171.83,171.555,171.82,47981
2024-05-31 13:15:00,171.8305,172.12,171.82,171.89,90677
2024-05-31 13:20:00,171.89,171.9849,171.8,171.9,47803
2024-05-31 13:25:00,171.9,171.92,171.73,171.81,57085
2024-05-31 13:30:00,171.8,171.88,171.745,171.83,42775
2024-05-31 13:35:00,171.85,171.8803,171.71,171.71,55464
2024-05-31 13:40:00,171.715,171.79,171.64,171.735,88560
2024-05-31 13:45:00,171.74,171.85,171.725,171.82,50182
2024-05-31 13:50:00,171.82,171.9,171.63,171.8556,73397
2024-05-31 13:55:00,171.865,171.98,171.865,171.96,56562
2024-05-31 14:00:00,171.96,171.97,171.74,171.75,37403
2024-05-31 14:05:00,171.75,171.8,171.64,171.65,49724
2024-05-31 14:10:00,171.65,171.78,171.61,171.625,56497
2024-05-31 14:15:00,171.63,171.81,171.63,171.79,132752
2024-05-31 14:20:00,171.78,171.83,171.73,171.79,25342
2024-05-31 14:25:00,171.79,171.825,171.63,171.64,48385
2024-05-31 14:30:00,171.65,171.73,171.6,171.64,41486
2024-05-31 14:35:00,171.64,171.91,171.64,171.8,43926
2024-05-31 14:40:00,171.8,172.23,171.785,172.22,65885
2024-05-31 14:45:00,172.22,172.3,172.1401,172.27,47496
2024-05-31 14:50:00,172.26,172.29,172.06,172.11,56036
2024-05-31 14:55:00,172.11,172.33,172.11,172.33,51222
2024-05-31 15:00:00,172.33,172.48,172.22,172.45,45986
2024-05-31 15:05:00,172.4599,172.83,172.45,172.76,99143
2024-05-31 15:10:00,172.75,172.78,172.65,172.7701,69719
2024-05-31 15:15:00,172.76,172.915,172.7,172.915,77876
2024-05-31 15:20:00,172.92,173.19,172.87,173.16,123588
2024-05-31 15:25:00,173.16,173.36,172.99,172.9901,130474
2024-05-31 15:30:00,172.98,173.19,172.85,173.14,120313
2024-05-31 15:35:00,173.13,173.28,173.1,173.27,104175
2024-05-31 15:40:00,173.29,173.88,173.29,173.83,200263
2024-05-31 15:45:00,173.84,174.0495,173.755,173.98,207650
2024-05-31 15:50:00,173.98,174.39,173.6,173.685,606808
2024-05-31 15:55:00,173.66,174.07,173.36,174.04,1476698
2024-05-31 16:00:00,173.96,174.03,172.43,174.02,8754292
2024-05-31 16:05:00,174.0,174.0,173.3082,173.96,105090
2024-05-31 16:10:00,173.78,173.85,173.78,173.82,1517
2024-05-31 16:15:00,173.96,173.96,173.75,173.78,8866
2024-05-31 16:20:00,173.85,173.85,173.84,173.84,600
2024-05-31 16:25:00,173.86,173.86,173.85,173.85,300
2024-05-31 16:30:00,173.85,173.85,173.85,173.85,300
2024-05-31 16:35:00,173.85,174.31,173.85,173.89,8146
2024-05-31 16:40:00,173.96,173.96,173.96,173.96,1113
2024-05-31 16:45:00,173.9,173.96,173.9,173.92,2167
2024-05-31 16:50:00,173.95,173.95,173.93,173.93,539
2024-05-31 16:55:00,173.95,173.98,173.86,173.86,3069
2024-05-31 17:00:00,173.85,173.96,173.85,173.96,2658
2024-05-31 17:10:00,173.8701,173.8701,173.8701,173.8701,200
2024-05-31 17:15:00,173.87,173.87,173.84,173.84,234
2024-05-31 17:25:00,173.84,173.84,173.84,173.84,433
2024-05-31 17:30:00,173.8,173.8,173.8,173.8,189
2024-05-31 17:35:00,173.7002,173.7002,173.7002,173.7002,399
2024-05-31 17:40:00,173.77,173.77,173.77,173.77,149
2024-05-31 17:55:00,173.8658,173.9096,173.8658,173.9096,580
2024-05-31 18:00:00,173.8698,173.8698,173.8698,173.8698,100
2024-05-31 18:15:00,173.8644,173.8644,173.8644,173.8644,100
2024-05-31 18:25:00,173.75,173.77,173.72,173.77,600
2024-05-31 18:30:00,173.79,173.79,173.79,173.79,1000
2024-05-31 19:00:00,173.82,173.82,173.82,173.82,100
2024-05-31 19:10:00,173.89,173.89,173.71,173.71,693
2024-05-31 19:25:00,173.72,173.72,173.72,173.72,100
2024-05-31 19:35:00,173.87,173.87,173.75,173.76,312
2024-05-31 19:50:00,173.92,173.92,173.92,173.92,245
2024-05-31 19:55:00,173.91,173.91,173.8,173.8,527
2024-06-03 04:00:00,174.15,174.31,174.15,174.19,896
2024-06-03 04:05:00,174.19,174.19,174.19,174.19,217
2024-06-03 04:10:00,174.2,174.4,174.2,174.38,1640
2024-06-03 04:15:00,174.51,174.51,174.37,174.37,786
2024-06-03 04:20:00,174.41,174.58,174.41,174.58,400
2024-06-03 04:30:00,174.69,174.69,174.69,174.69,1734
2024-06-03 04:35:00,174.67,174.76,174.62,174.62,2640
2024-06-03 04:40:00,174.55,174.57,174.55,174.57,200
2024-06-03 04:50:00,174.61,174.7,174.61,174.7,750
2024-06-03 04:55:00,174.61,174.66,174.58,174.66,300
2024-06-03 05:00:00,174.53,174.53,174.45,174.51,1604
2024-06-03 05:15:00,174.45,174.45,174.35,174.35,205
2024-06-03 05:35:00,174.5,174.5,174.5,174.5,589
2024-06-03 05:45:00,174.49,174.59,174.48,174.59,1983
2024-06-03 05:55:00,174.64,174.64,174.64,174.64,186
2024-06-03 06:05:00,174.62,174.62,174.62,174.62,300
2024-06-03 06:30:00,174.71,174.71,174.71,174.71,100
2024-06-03 06:45:00,174.5,174.5,174.48,174.48,637
2024-06-03 07:00:00,174.51,174.65,174.51,174.57,1352
2024-06-03 07:05:00,174.51,174.51,174.51,174.51,100
2024-06-03 07:10:00,174.63,174.63,174.63,174.63,200
2024-06-03 07:15:00,174.67,174.67,174.67,174.67,200
2024-06-03 07:20:00,174.66,174.69,174.6,174.6,1898
2024-06-03 07:25:00,174.51,174.51,174.39,174.39,2502
2024-06-03 07:30:00,174.57,174.58,174.55,174.55,400
2024-06-03 07:35:00,174.54,174.54,174.5,174.5,456
2024-06-03 07:40:00,174.49,174.52,174.49,174.52,1178
2024-06-03 07:50:00,174.45,174.5,174.4,174.4,820
2024-06-03 07:55:00,174.41,174.41,174.4,174.41,400
2024-06-03 08:00:00,174.56,174.84,174.2,174.59,6162
2024-06-03 08:05:00,174.59,174.68,174.39,174.43,3374
2024-06-03 08:10:00,174.43,174.45,174.43,174.43,2500
2024-06-03 08:15:00,174.44,174.46,174.41,174.42,1483
2024-06-03 08:20:00,174.41,174.41,174.36,174.41,750
2024-06-03 08:25:00,174.4,174.4,174.4,174.4,200
2024-06-03 08:30:00,174.29,174.29,174.1,174.12,1356
2024-06-03 08:40:00,174.18,174.18,174.13,174.18,1314
2024-06-03 08:45:00,174.18,174.18,174.15,174.15,466
2024-06-03 08:50:00,174.11,174.11,174.09,174.0906,578
2024-06-03 08:55:00,174.09,174.09,174.09,174.09,483
2024-06-03 09:00:00,174.16,174.2,174.14,174.19,4275
2024-06-03 09:05:00,174.15,174.15,174.15,174.15,900
2024-06-03 09:10:00,174.15,174.32,174.15,174.25,7254
2024-06-03 09:15:00,174.22,174.3,174.2,174.2,2311
2024-06-03 09:20:00,174.27,174.48,174.27,174.4,6297
2024-06-03 09:25:00,174.34,174.34,173.38,173.86,34155
2024-06-03 09:30:00,173.86,175.31,173.79,175.02,887240
2024-06-03 09:35:00,175.04,175.31,174.3101,175.18,324470
2024-06-03 09:40:00,175.2,175.86,175.18,175.495,320837
2024-06-03 09:45:00,175.51,175.83,174.76,174.8,242686
2024-06-03 09:50:00,174.76,174.96,174.28,174.5,191202
2024-06-03 09:55:00,174.53,174.64,174.07,174.255,160234
2024-06-03 10:00:00,174.3,174.7,173.72,173.72,166609
2024-06-03 10:05:00,173.71,173.77,173.29,173.65,157577
2024-06-03 10:10:00,173.64,173.97,173.46,173.77,130884
2024-06-03 10:15:00,173.77,173.87,173.46,173.76,106509
2024-06-03 10:20:00,173.74,173.76,173.475,173.535,88830
2024-06-03 10:25:00,173.57,173.89,173.47,173.8,65854
2024-06-03 10:30:00,173.805,174.15,173.795,174.09,81487
2024-06-03 10:35:00,174.07,174.22,173.44,173.58,84755
2024-06-03 10:40:00,173.57,173.95,173.57,173.6,82058
2024-06-03 10:45:00,173.64,173.655,173.32,173.32,129232
2024-06-03 10:50:00,173.31,173.42,173.23,173.29,63099
2024-06-03 10:55:00,173.29,173.63,173.29,173.32,148675
2024-06-03 11:00:00,173.32,173.3381,173.04,173.09,151180
2024-06-03 11:05:00,173.08,173.35,173.02,173.26,183345
2024-06-03 11:10:00,173.26,173.41,173.13,173.2,98398
2024-06-03 11:15:00,173.21,173.67,173.19,173.531,82466
2024-06-03 11:20:00,173.54,173.99,173.54,173.96,57283
2024-06-03 11:25:00,173.955,174.16,173.66,173.7,106844
2024-06-03 11:30:00,173.69,173.8652,173.65,173.71,43692
2024-06-03 11:35:00,173.67,173.97,173.63,173.88,108093
2024-06-03 11:40:00,173.88,174.0301,173.81,173.98,65445
2024-06-03 11:45:00,173.99,174.01,173.64,173.83,67542
2024-06-03 11:50:00,173.84,174.02,173.73,173.95,92004
2024-06-03 11:55:00,173.935,174.005,173.78,173.97,73206
2024-06-03 12:00:00,173.98,174.04,173.52,173.61,105340
2024-06-03 12:05:00,173.605,173.66,173.3,173.39,88384
2024-06-03 12:10:00,173.39,173.54,172.94,172.99,138837
2024-06-03 12:15:00,172.99,173.14,172.765,172.765,100147
2024-06-03 12:20:00,172.77,172.78,172.46,172.57,130360
2024-06-03 12:25:00,172.57,172.835,172.45,172.79,112518
2024-06-03 12:30:00,172.78,172.91,172.46,172.49,71834
2024-06-03 12:35:00,172.5,172.9,172.5,172.87,65243
2024-06-03 12:40:00,172.86,172.98,172.75,172.84,83166
2024-06-03 12:45:00,172.835,172.96,172.69,172.83,62536
2024-06-03 12:50:00,172.82,172.955,172.7,172.935,61976
2024-06-03 12:55:00,172.95,172.95,172.75,172.8,50775
2024-06-03 13:00:00,172.78,172.93,172.65,172.88,68045
2024-06-03 13:05:00,172.86,172.93,172.655,172.73,51504
2024-06-03 13:10:00,172.73,172.79,172.474,172.72,76714
2024-06-03 13:15:00,172.76,172.9242,172.74,172.92,70120
2024-06-03 13:20:00,172.915,173.2,172.88,173.17,103426
2024-06-03 13:25:00,173.17,173.6,173.11,173.55,113451
2024-06-03 13:30:00,173.53,173.78,173.51,173.77,90603
2024-06-03 13:35:00,173.78,173.935,173.7,173.79,77538
2024-06-03 13:40:00,173.78,173.91,173.71,173.84,68225
2024-06-03 13:45:00,173.84,173.91,173.795,173.87,57673
2024-06-03 13:50:00,173.88,173.89,173.655,173.67,88911
2024-06-03 13:55:00,173.665,173.6699,173.52,173.63,79405
2024-06-03 14:00:00,173.645,173.7,173.38,173.595,89661
2024-06-03 14:05:00,173.59,173.68,173.5,173.565,77737
2024-06-03 14:10:00,173.57,173.62,173.26,173.26,75587
2024-06-03 14:15:00,173.2602,173.475,173.25,173.46,83538
2024-06-03 14:20:00,173.45,173.64,173.38,173.53,66533
2024-06-03 14:25:00,173.53,173.619,173.26,173.27,52500
2024-06-03 14:30:00,173.27,173.48,173.26,173.38,61681
2024-06-03 14:35:00,173.38,173.58,173.365,173.56,68974
2024-06-03 14:40:00,173.56,173.81,173.52,173.63,96170
2024-06-03 14:45:00,173.61,173.69,173.56,173.65,59108
2024-06-03 14:50:00,173.65,173.72,173.53,173.595,53626
2024-06-03 14:55:00,173.61,173.81,173.59,173.76,66571
2024-06-03 15:00:00,173.75,173.98,173.75,173.84,64582
2024-06-03 15:05:00,173.845,173.88,173.67,173.695,68077
2024-06-03 15:10:00,173.69,173.91,173.67,173.86,68881
2024-06-03 15:15:00,173.86,173.9,173.635,173.69,62532
2024-06-03 15:20:00,173.685,173.75,173.575,173.7,192339
2024-06-03 15:25:00,173.7,173.72,173.42,173.42,347399
2024-06-03 15:30:00,173.42,173.45,173.2,173.4,87946
2024-06-03 15:35:00,173.39,173.44,173.25,173.31,81296
2024-06-03 15:40:00,173.32,173.6,173.25,173.555,119503
2024-06-03 15:45:00,173.56,173.84,173.515,173.742,145708
2024-06-03 15:50:00,173.745,173.87,173.4,173.63,313233
2024-06-03 15:55:00,173.61,174.47,173.61,174.46,651464
2024-06-03 16:00:00,174.46,174.46,174.38,174.38,1152263
2024-06-03 16:05:00,174.42,174.4515,174.41,174.4515,13316
2024-06-03 16:10:00,174.43,174.53,174.42,174.53,5554
2024-06-03 16:15:00,174.6,174.8596,174.6,174.72,5734
2024-06-03 16:25:00,174.76,174.76,174.7,174.7,2500
2024-06-03 16:30:00,174.66,174.66,174.54,174.54,1260
2024-06-03 16:35:00,174.54,174.77,174.51,174.77,2311
2024-06-03 16:40:00,174.59,174.59,174.59,174.59,164
2024-06-03 16:45:00,174.6,174.6,174.6,174.6,1200
2024-06-03 17:10:00,174.51,174.51,174.46,174.46,2264
2024-06-03 17:30:00,174.39,174.42,174.39,174.42,260
2024-06-03 17:50:00,174.41,174.5028,174.41,174.5028,272
2024-06-03 17:55:00,174.5964,174.5964,174.5964,174.5964,5000
2024-06-03 18:00:00,174.44,174.44,174.44,174.44,100
2024-06-03 18:15:00,174.4,174.4,174.4,174.4,100
2024-06-03 18:30:00,174.59,174.59,174.59,174.59,215
2024-06-03 18:40:00,174.6,174.6,174.6,174.6,100
2024-06-03 18:45:00,174.4,174.4,174.4,174.4,102
2024-06-03 18:55:00,174.39,174.39,174.39,174.39,100
2024-06-03 19:00:00,174.4,174.4,174.4,174.4,351
2024-06-03 19:15:00,174.42,174.42,174.42,174.42,100
2024-06-03 19:20:00,174.44,174.44,174.44,174.44,100
2024-06-03 19:35:00,174.42,174.42,174.42,174.42,136
2024-06-03 19:40:00,174.42,174.42,174.42,174.42,293
2024-06-03 19:50:00,174.47,174.5,174.47,174.5,600
2024-06-03 19:55:00,174.54,174.54,174.38,174.44,2220
2024-06-04 04:25:00,174.41,174.41,174.41,174.41,200
2024-06-04 04:30:00,174.24,174.24,174.02,174.02,200
2024-06-04 05:10:00,173.89,173.89,173.89,173.89,100
2024-06-04 05:15:00,173.83,173.83,173.83,173.83,100
2024-06-04 05:35:00,173.76,173.76,173.76,173.76,200
2024-06-04 05:50:00,173.64,173.64,173.64,173.64,100
2024-06-04 06:15:00,173.83,173.83,173.83,173.83,200
2024-06-04 07:20:00,173.72,173.72,173.72,173.72,200
2024-06-04 07:35:00,173.84,173.84,173.84,173.84,100
2024-06-04 07:45:00,173.84,173.87,173.84,173.87,200
2024-06-04 07:50:00,173.9,173.9,173.9,173.9,100
2024-06-04 08:00:00,173.62,174.41,173.61,173.62,5594
2024-06-04 08:05:00,173.62,173.71,173.62,173.71,1029
2024-06-04 08:15:00,173.75,173.75,173.75,173.75,172
2024-06-04 08:30:00,173.9895,173.9895,173.9895,173.9895,3000
2024-06-04 08:45:00,174.05,174.05,174.05,174.05,404
2024-06-04 08:50:00,174.0,174.04,174.0,174.04,267
2024-06-04 08:55:00,174.15,174.15,174.15,174.15,100
2024-06-04 09:00:00,174.18,174.24,174.12,174.24,345
2024-06-04 09:05:00,174.06,174.1,174.06,174.1,300
2024-06-04 09:10:00,173.99,173.99,173.99,173.99,100
2024-06-04 09:15:00,174.21,174.24,174.21,174.24,250
2024-06-04 09:20:00,174.38,174.38,174.38,174.38,300
2024-06-04 09:25:00,174.38,174.58,173.95,174.5,7437
2024-06-04 09:30:00,174.45,174.87,173.49,173.53,314548
2024-06-04 09:35:00,173.51,174.045,173.22,173.84,147992
2024-06-04 09:40:00,173.84,174.43,173.56,173.66,215005
2024-06-04 09:45:00,173.69,174.25,173.68,173.99,113277
2024-06-04 09:50:00,173.96,174.3756,173.96,174.33,81399
2024-06-04 09:55:00,174.33,174.39,173.94,174.12,93390
2024-06-04 10:00:00,174.14,174.97,174.09,174.655,203569
2024-06-04 10:05:00,174.65,174.66,174.13,174.21,190538
2024-06-04 10:10:00,174.21,174.37,173.77,173.82,130017
2024-06-04 10:15:00,173.81,173.82,173.46,173.6,129755
2024-06-04 10:20:00,173.59,173.76,173.35,173.37,102215
2024-06-04 10:25:00,173.41,173.92,173.4,173.86,90640
2024-06-04 10:30:00,173.84,174.14,173.79,174.026,91661
2024-06-04 10:35:00,174.03,174.3,173.92,174.3,82260
2024-06-04 10:40:00,174.3,174.6,174.25,174.28,129343
2024-06-04 10:45:00,174.29,174.37,174.0,174.0515,64019
2024-06-04 10:50:00,174.05,174.18,173.92,173.9682,71848
2024-06-04 10:55:00,173.95,174.17,173.8407,174.12,52418
2024-06-04 11:00:00,174.14,174.33,174.11,174.21,46593
2024-06-04 11:05:00,174.22,174.43,174.1,174.39,46365
2024-06-04 11:10:00,174.39,174.6,174.035,174.0801,61427
2024-06-04 11:15:00,174.08,174.38,174.015,174.28,63692
2024-06-04 11:20:00,174.29,174.51,174.28,174.39,60237
2024-06-04 11:25:00,174.38,174.44,174.21,174.215,40438
2024-06-04 11:30:00,174.21,174.3095,174.09,174.17,41032
2024-06-04 11:35:00,174.2,174.4473,174.17,174.39,29040
2024-06-04 11:40:00,174.4,174.57,174.35,174.37,49364
2024-06-04 11:45:00,174.38,174.5103,174.35,174.35,44976
2024-06-04 11:50:00,174.35,174.39,174.25,174.26,29549
2024-06-04 11:55:00,174.27,174.32,174.05,174.06,63345
2024-06-04 12:00:00,174.07,174.14,173.89,173.89,59042
2024-06-04 12:05:00,173.89,173.95,173.77,173.841,57168
2024-06-04 12:10:00,173.84,173.8899,173.63,173.72,50233
2024-06-04 12:15:00,173.73,173.86,173.6601,173.72,68833
2024-06-04 12:20:00,173.72,173.8,173.55,173.78,51720
2024-06-04 12:25:00,173.77,173.94,173.73,173.92,34780
2024-06-04 12:30:00,173.89,173.97,173.84,173.9,34216
2024-06-04 12:35:00,173.895,174.05,173.79,174.04,34857
2024-06-04 12:40:00,174.035,174.11,173.99,174.06,74186
2024-06-04 12:45:00,174.06,174.17,173.95,174.09,47320
2024-06-04 12:50:00,174.09,174.09,173.75,173.76,52980
2024-06-04 12:55:00,173.78,173.86,173.72,173.75,35594
2024-06-04 13:00:00,173.75,173.7735,173.6,173.68,52490
2024-06-04 13:05:00,173.71,173.74,173.46,173.655,121867
2024-06-04 13:10:00,173.67,173.88,173.66,173.84,42190
2024-06-04 13:15:00,173.83,173.97,173.77,173.9,46290
2024-06-04 13:20:00,173.91,173.96,173.89,173.93,39145
2024-06-04 13:25:00,173.91,173.96,173.7,173.93,57236
2024-06-04 13:30:00,173.95,173.99,173.61,173.6491,42756
2024-06-04 13:35:00,173.66,173.75,173.47,173.505,51190
2024-06-04 13:40:00,173.52,173.73,173.52,173.55,36668
2024-06-04 13:45:00,173.56,173.69,173.56,173.62,35331
2024-06-04 13:50:00,173.63,173.67,173.33,173.5,59076
2024-06-04 13:55:00,173.5,173.585,173.39,173.53,37739
2024-06-04 14:00:00,173.52,173.85,173.5,173.805,48709
2024-06-04 14:05:00,173.8,173.9501,173.76,173.89,41279
2024-06-04 14:10:00,173.88,174.0699,173.82,174.06,57880
2024-06-04 14:15:00,174.0512,174.31,174.0512,174.3,82357
2024-06-04 14:20:00,174.32,174.76,174.32,174.68,84459
2024-06-04 14:25:00,174.69,174.75,174.5,174.678,51066
2024-06-04 14:30:00,174.69,174.75,174.405,174.45,57192
2024-06-04 14:35:00,174.47,174.56,174.4313,174.455,49123
2024-06-04 14:40:00,174.45,174.65,174.43,174.64,59715
2024-06-04 14:45:00,174.62,174.71,174.585,174.6201,60055
2024-06-04 14:50:00,174.62,174.715,174.55,174.625,49161
2024-06-04 14:55:00,174.65,174.65,174.33,174.37,43859
2024-06-04 15:00:00,174.38,174.41,173.85,173.95,66679
2024-06-04 15:05:00,173.92,174.0791,173.795,174.04,68211
2024-06-04 15:10:00,174.045,174.18,173.96,174.015,64818
2024-06-04 15:15:00,174.01,174.18,173.97,174.11,51489
2024-06-04 15:20:00,174.1,174.3,174.08,174.175,67132
2024-06-04 15:25:00,174.18,174.365,174.14,174.2785,76794
2024-06-04 15:30:00,174.275,174.35,174.15,174.22,57932
2024-06-04 15:35:00,174.21,174.285,174.1,174.225,73550
2024-06-04 15:40:00,174.23,174.55,174.215,174.55,87837
2024-06-04 15:45:00,174.54,174.67,174.27,174.5281,102808
2024-06-04 15:50:00,174.53,174.838,174.53,174.67,161245
2024-06-04 15:55:00,174.69,175.19,174.69,175.13,466949
2024-06-04 16:00:00,175.13,175.18,175.01,175.11,2651507
2024-06-04 16:05:00,175.1198,175.22,175.09,175.14,17298
2024-06-04 16:10:00,175.1,175.16,175.1,175.16,350
2024-06-04 16:15:00,175.14,175.14,175.14,175.14,100
2024-06-04 16:20:00,175.16,175.16,175.16,175.16,728
2024-06-04 16:25:00,175.14,175.14,175.13,175.13,1168
2024-06-04 16:30:00,175.14,175.14,175.13,175.13,1373
2024-06-04 16:35:00,175.13,175.13,175.02,175.03,4316
2024-06-04 16:40:00,175.03,175.03,175.03,175.03,500
2024-06-04 16:45:00,175.03,175.05,175.03,175.05,634
2024-06-04 16:55:00,175.02,175.02,175.02,175.02,100
2024-06-04 17:05:00,175.09,175.09,175.02,175.02,651
2024-06-04 17:15:00,175.0108,175.0108,175.0108,175.0108,400
2024-06-04 17:20:00,175.01,175.01,175.0,175.0,545
2024-06-04 17:25:00,175.02,175.02,175.02,175.02,100
2024-06-04 17:35:00,175.01,175.01,175.01,175.01,100
2024-06-04 17:50:00,175.0,175.0,174.88,174.88,400
2024-06-04 17:55:00,174.88,174.88,174.88,174.88,100
2024-06-04 18:00:00,175.0493,175.0493,174.88,174.88,1286
2024-06-04 18:05:00,174.88,174.88,174.88,174.88,199
2024-06-04 18:20:00,175.0,175.0,175.0,175.0,110
2024-06-04 18:45:00,175.05,175.05,175.05,175.05,200
2024-06-04 18:55:00,175.05,175.06,175.05,175.06,300
2024-06-04 19:00:00,175.06,175.11,175.06,175.11,1432
2024-06-04 19:05:00,175.03,175.16,175.03,175.09,1527
2024-06-04 19:10:00,175.1,175.19,175.09,175.19,300
2024-06-04 19:15:00,175.09,175.09,175.09,175.09,100
2024-06-04 19:20:00,175.18,175.24,175.18,175.24,401
2024-06-04 19:25:00,175.2,175.2,175.2,175.2,175
2024-06-04 19:35:00,175.27,175.27,175.27,175.27,149
2024-06-04 19:45:00,175.2699,175.2699,175.2699,175.2699,2000
2024-06-04 19:50:00,175.26,175.26,175.26,175.26,150
2024-06-05 04:00:00,175.1,175.1,175.1,175.1,1263
2024-06-05 04:05:00,174.88,174.88,174.84,174.84,517
2024-06-05 04:15:00,175.0,175.02,174.98,175.02,726
2024-06-05 04:20:00,174.99,174.99,174.92,174.92,618
2024-06-05 04:30:00,175.03,175.16,175.03,175.16,213
2024-06-05 04:35:00,175.16,175.16,175.16,175.16,215
2024-06-05 05:40:00,175.28,175.28,175.28,175.28,286
2024-06-05 06:10:00,175.4,175.4,175.4,175.4,100
2024-06-05 06:20:00,175.36,175.36,175.36,175.36,1739
2024-06-05 06:35:00,175.34,175.43,175.34,175.43,200
2024-06-05 06:40:00,175.48,175.48,175.48,175.48,669
2024-06-05 06:45:00,175.34,175.34,175.34,175.34,243
2024-06-05 06:50:00,175.48,175.48,175.47,175.47,568
2024-06-05 06:55:00,175.46,175.48,175.45,175.48,500
2024-06-05 07:00:00,175.45,175.61,175.45,175.61,929
2024-06-05 07:10:00,175.64,175.69,175.63,175.69,651
2024-06-05 07:15:00,175.8,175.85,175.75,175.85,730
2024-06-05 07:20:00,175.74,175.74,175.74,175.74,100
2024-06-05 07:30:00,175.79,175.92,175.79,175.92,647
2024-06-05 07:35:00,175.9,175.9,175.9,175.9,100
2024-06-05 07:45:00,176.0,176.0,176.0,176.0,727
2024-06-05 07:50:00,176.25,176.25,176.25,176.25,174
2024-06-05 07:55:00,176.29,176.29,176.29,176.29,127
2024-06-05 08:00:00,175.59,176.33,175.0,175.2,14517
2024-06-05 08:05:00,176.35,176.49,175.2,176.4795,1566
2024-06-05 08:10:00,176.29,176.44,176.29,176.44,445
2024-06-05 08:15:00,176.3789,176.3789,176.0,176.0,857
2024-06-05 08:20:00,176.1,176.1,176.1,176.1,100
2024-06-05 08:25:00,176.04,176.04,176.04,176.04,114
2024-06-05 08:30:00,175.95,175.95,175.94,175.94,330
2024-06-05 08:35:00,175.95,176.22,175.95,176.16,4412
2024-06-05 08:40:00,176.2,176.2,176.19,176.19,689
2024-06-05 08:45:00,176.24,176.2745,176.24,176.2745,200
2024-06-05 08:50:00,176.26,176.35,176.26,176.34,2909
2024-06-05 08:55:00,176.35,176.55,176.35,176.47,2600
2024-06-05 09:00:00,176.47,176.48,176.4,176.43,1100
2024-06-05 09:05:00,176.41,176.51,176.39,176.5,2164
2024-06-05 09:10:00,176.51,176.58,176.51,176.58,4139
2024-06-05 09:15:00,176.6,176.6,176.55,176.55,6670
2024-06-05 09:20:00,176.5,176.56,176.48,176.56,1269
2024-06-05 09:25:00,176.53,176.64,176.19,176.59,3121
2024-06-05 09:30:00,176.57,176.97,176.19,176.91,473414
2024-06-05 09:35:00,176.9,177.3,176.67,177.02,393575
2024-06-05 09:40:00,177.02,177.6,176.82,177.5299,280575
2024-06-05 09:45:00,177.53,177.97,177.45,177.54,177860
2024-06-05 09:50:00,177.5587,177.72,177.26,177.67,147696
2024-06-05 09:55:00,177.66,177.7701,177.45,177.62,121872
2024-06-05 10:00:00,177.55,177.6125,176.875,177.12,207105
2024-06-05 10:05:00,177.1,177.39,176.99,177.23,103087
2024-06-05 10:10:00,177.2,177.72,177.2,177.5033,97310
2024-06-05 10:15:00,177.49,177.55,177.37,177.4,97191
2024-06-05 10:20:00,177.41,177.52,177.215,177.46,112294
2024-06-05 10:25:00,177.44,177.77,177.39,177.4,154975
2024-06-05 10:30:00,177.4,177.45,177.12,177.29,95798
2024-06-05 10:35:00,177.25,177.32,176.95,177.06,92231
2024-06-05 10:40:00,177.05,177.05,176.63,176.71,65879
2024-06-05 10:45:00,176.71,177.04,176.65,176.75,65859
2024-06-05 10:50:00,176.73,176.77,176.53,176.53,57449
2024-06-05 10:55:00,176.52,176.59,176.315,176.435,85789
2024-06-05 11:00:00,176.44,176.505,176.23,176.45,88414
2024-06-05 11:05:00,176.44,176.6793,176.43,176.49,108293
2024-06-05 11:10:00,176.4944,176.71,176.395,176.685,55173
2024-06-05 11:15:00,176.68,176.92,176.64,176.7994,73573
2024-06-05 11:20:00,176.8,176.9,176.72,176.735,75811
2024-06-05 11:25:00,176.73,176.79,176.64,176.66,57729
2024-06-05 11:30:00,176.67,176.68,176.4624,176.51,43388
2024-06-05 11:35:00,176.51,176.52,176.17,176.21,53075
2024-06-05 11:40:00,176.2,176.2,176.02,176.03,63806
2024-06-05 11:45:00,176.04,176.13,175.83,175.95,82276
2024-06-05 11:50:00,175.95,175.97,175.63,175.644,71727
2024-06-05 11:55:00,175.65,175.67,175.47,175.49,83664
2024-06-05 12:00:00,175.49,175.77,175.29,175.76,91291
2024-06-05 12:05:00,175.75,175.82,175.59,175.605,82604
2024-06-05 12:10:00,175.6,175.8167,175.6,175.67,42917
2024-06-05 12:15:00,175.66,175.82,175.62,175.82,40554
2024-06-05 12:20:00,175.82,175.985,175.7702,175.795,38003
2024-06-05 12:25:00,175.79,175.82,175.66,175.675,96950
2024-06-05 12:30:00,175.68,175.8299,175.63,175.79,80696
2024-06-05 12:35:00,175.79,175.89,175.62,175.62,61737
2024-06-05 12:40:00,175.62,175.62,175.53,175.612,53440
2024-06-05 12:45:00,175.62,175.8,175.5446,175.73,79361
2024-06-05 12:50:00,175.75,175.85,175.73,175.785,41308
2024-06-05 12:55:00,175.7845,175.84,175.73,175.7588,66820
2024-06-05 13:00:00,175.76,176.08,175.75,176.065,57931
2024-06-05 13:05:00,176.08,176.205,175.99,176.05,58164
2024-06-05 13:10:00,176.09,176.2082,176.09,176.1732,35581
2024-06-05 13:15:00,176.1753,176.19,175.98,175.991,59488
2024-06-05 13:20:00,176.01,176.19,175.84,176.14,62520
2024-06-05 13:25:00,176.14,176.35,176.06,176.335,44490
2024-06-05 13:30:00,176.33,176.46,176.33,176.44,43314
2024-06-05 13:35:00,176.4489,176.52,176.38,176.44,48848
2024-06-05 13:40:00,176.43,176.54,176.3,176.5282,74395
2024-06-05 13:45:00,176.52,176.52,176.29,176.43,45694
2024-06-05 13:50:00,176.42,176.43,176.33,176.39,58794
2024-06-05 13:55:00,176.39,176.43,176.28,176.36,37436
2024-06-05 14:00:00,176.35,176.38,176.23,176.26,41659
2024-06-05 14:05:00,176.25,176.3,176.13,176.16,73076
2024-06-05 14:10:00,176.14,176.165,176.07,176.08,34597
2024-06-05 14:15:00,176.08,176.15,175.98,176.02,33969
2024-06-05 14:20:00,176.025,176.03,175.86,175.89,54638
2024-06-05 14:25:00,175.8942,175.98,175.85,175.89,52829
2024-06-05 14:30:00,175.89,176.166,175.885,176.13,48678
2024-06-05 14:35:00,176.11,176.16,175.97,175.99,57960
2024-06-05 14:40:00,176.0,176.06,175.948,176.0291,38076
2024-06-05 14:45:00,176.025,176.15,176.0,176.135,54104
2024-06-05 14:50:00,176.135,176.18,176.1,176.135,51071
2024-06-05 14:55:00,176.135,176.23,176.11,176.2,66695
2024-06-05 15:00:00,176.2,176.32,176.15,176.3,91919
2024-06-05 15:05:00,176.32,176.395,176.185,176.29,113410
2024-06-05 15:10:00,176.29,176.4101,176.1225,176.3256,148800
2024-06-05 15:15:00,176.3251,176.5,176.28,176.42,159838
2024-06-05 15:20:00,176.42,176.46,176.3,176.4003,125548
2024-06-05 15:25:00,176.4,176.41,176.23,176.34,163064
2024-06-05 15:30:00,176.33,176.455,176.29,176.38,180134
2024-06-05 15:35:00,176.38,176.5,176.34,176.48,140309
2024-06-05 15:40:00,176.47,176.54,176.305,176.355,136574
2024-06-05 15:45:00,176.35,176.48,176.24,176.47,320056
2024-06-05 15:50:00,176.47,176.875,176.39,176.75,366144
2024-06-05 15:55:00,176.76,177.07,176.71,177.06,920232
2024-06-05 16:00:00,177.07,177.07,176.8,177.07,2626964
2024-06-05 16:05:00,176.81,176.93,176.8,176.88,2324
2024-06-05 16:10:00,176.9108,176.93,176.9108,176.93,300
2024-06-05 16:15:00,176.9413,176.9413,176.9413,176.9413,100
2024-06-05 16:25:00,176.97,177.0,175.6,177.0,1683
2024-06-05 16:35:00,176.9,176.97,176.9,176.97,325
2024-06-05 16:40:00,176.9999,177.0185,176.9,176.91,1335
2024-06-05 16:50:00,176.94,176.94,176.94,176.94,100
2024-06-05 16:55:00,176.9699,176.9699,176.9699,176.9699,200
2024-06-05 17:00:00,176.97,177.0,176.97,176.9802,4468
2024-06-05 17:10:00,177.02,177.06,176.95,177.06,1750
2024-06-05 17:20:00,177.0,177.0,177.0,177.0,400
2024-06-05 17:25:00,177.0,177.0,177.0,177.0,1600
2024-06-05 17:30:00,176.9,176.9,176.9,176.9,578
2024-06-05 17:50:00,176.86,177.01,176.86,177.01,200
2024-06-05 18:15:00,176.997,176.997,176.997,176.997,100
2024-06-05 18:30:00,176.9891,176.9896,176.9891,176.9896,301
2024-06-05 18:45:00,176.8921,176.99,176.8921,176.99,250
2024-06-05 18:50:00,177.0,177.0,177.0,177.0,1450
2024-06-05 19:10:00,177.06,177.06,177.06,177.06,500
2024-06-05 19:15:00,177.02,177.02,177.02,177.02,100
2024-06-05 19:20:00,177.01,177.06,177.01,177.06,641
2024-06-05 19:25:00,177.02,177.02,176.96,176.96,954
2024-06-05 19:30:00,176.9,176.9,176.9,176.9,100
2024-06-05 19:45:00,177.07,177.11,177.06,177.11,500
2024-06-05 19:50:00,177.11,177.11,177.02,177.02,394
2024-06-05 19:55:00,177.07,177.07,177.03,177.03,1400
2024-06-06 04:10:00,176.96,177.0,176.96,177.0,213
2024-06-06 04:15:00,177.01,177.01,177.01,177.01,100
2024-06-06 04:20:00,176.94,176.94,176.89,176.89,428
2024-06-06 04:30:00,176.91,176.91,176.91,176.91,213
2024-06-06 04:45:00,177.07,177.07,177.07,177.07,353
2024-06-06 05:00:00,176.98,176.98,176.97,176.97,1261
2024-06-06 05:10:00,177.02,177.02,177.02,177.02,440
2024-06-06 05:20:00,177.07,177.08,177.07,177.07,1120
2024-06-06 05:40:00,176.95,177.08,176.95,177.08,655
2024-06-06 06:35:00,177.0,177.0,177.0,177.0,3015
2024-06-06 07:00:00,177.07,177.07,177.07,177.07,100
2024-06-06 07:05:00,177.11,177.12,177.11,177.12,200
2024-06-06 07:15:00,177.0,177.0,177.0,177.0,800
2024-06-06 07:25:00,177.1,177.1,177.1,177.1,355
2024-06-06 07:30:00,177.04,177.04,177.04,177.04,100
2024-06-06 07:40:00,177.11,177.11,177.11,177.11,674
2024-06-06 07:45:00,177.04,177.13,177.04,177.13,455
2024-06-06 07:55:00,177.08,177.08,177.08,177.08,100
2024-06-06 08:00:00,177.02,177.1499,176.96,177.0963,5286
2024-06-06 08:05:00,176.91,176.91,176.91,176.91,116
2024-06-06 08:10:00,177.0035,177.0035,177.0035,177.0035,113
2024-06-06 08:15:00,177.1,177.19,177.0,177.0,400
2024-06-06 08:20:00,177.05,177.06,176.94,176.94,1300
2024-06-06 08:25:00,176.9,176.9011,176.9,176.9011,2412
2024-06-06 08:30:00,177.19,177.19,176.9,176.94,3304
2024-06-06 08:35:00,176.96,176.97,176.8417,176.8417,1955
2024-06-06 08:40:00,176.84,176.88,176.7618,176.7618,747
2024-06-06 08:45:00,176.94,177.142,176.91,176.91,1840
2024-06-06 08:50:00,177.0,177.12,177.0,177.07,1364
2024-06-06 08:55:00,177.1,177.1,177.01,177.01,2124
2024-06-06 09:00:00,177.01,177.01,176.96,176.96,500
2024-06-06 09:05:00,176.99,177.01,176.99,177.01,1931
2024-06-06 09:10:00,176.97,177.04,176.97,177.04,2522
2024-06-06 09:15:00,177.04,177.04,176.99,177.01,1000
2024-06-06 09:20:00,177.06,177.1193,177.06,177.11,318
2024-06-06 09:25:00,177.15,177.55,176.63,177.32,42200
2024-06-06 09:30:00,177.41,178.61,177.41,178.255,715601
2024-06-06 09:35:00,178.27,178.35,177.71,178.07,167062
2024-06-06 09:40:00,178.1,178.33,177.44,177.46,150039
2024-06-06 09:45:00,177.48,177.62,177.21,177.51,136986
2024-06-06 09:50:00,177.49,178.08,177.49,177.75,184494
2024-06-06 09:55:00,177.7267,178.1,177.655,177.99,162877
2024-06-06 10:00:00,178.0,178.26,177.96,178.033,149577
2024-06-06 10:05:00,178.03,178.2,177.72,177.77,137375
2024-06-06 10:10:00,177.76,178.2,177.745,177.94,124008
2024-06-06 10:15:00,177.97,177.99,177.76,177.785,117911
2024-06-06 10:20:00,177.7918,177.82,177.5164,177.7274,90167
2024-06-06 10:25:00,177.72,177.72,177.3,177.52,110991
2024-06-06 10:30:00,177.5,177.64,177.41,177.57,79073
2024-06-06 10:35:00,177.57,177.7599,177.5197,177.57,51867
2024-06-06 10:40:00,177.6,177.86,177.6,177.8,77845
2024-06-06 10:45:00,177.81,177.83,177.53,177.5763,81714
2024-06-06 10:50:00,177.57,177.96,177.57,177.94,81410
2024-06-06 10:55:00,177.952,178.0,177.8,177.81,109903
2024-06-06 11:00:00,177.8,177.89,177.71,177.855,97999
2024-06-06 11:05:00,177.86,177.96,177.72,177.73,58894
2024-06-06 11:10:00,177.73,177.86,177.6,177.7311,104865
2024-06-06 11:15:00,177.72,177.94,177.6301,177.6623,62847
2024-06-06 11:20:00,177.67,177.69,177.5,177.52,103418
2024-06-06 11:25:00,177.52,177.55,177.29,177.35,80447
2024-06-06 11:30:00,177.34,177.52,177.26,177.51,86891
2024-06-06 11:35:00,177.515,177.65,177.42,177.5,78258
2024-06-06 11:40:00,177.5,177.64,177.48,177.605,41306
2024-06-06 11:45:00,177.6,177.69,177.56,177.625,48535
2024-06-06 11:50:00,177.63,177.69,177.52,177.53,63937
2024-06-06 11:55:00,177.53,177.74,177.475,177.7,73343
2024-06-06 12:00:00,177.72,177.92,177.7,177.83,64825
2024-06-06 12:05:00,177.83,177.945,177.79,177.92,65085
2024-06-06 12:10:00,177.93,177.935,177.84,177.84,61857
2024-06-06 12:15:00,177.85,178.09,177.75,178.05,99214
2024-06-06 12:20:00,178.05,178.18,178.05,178.125,88621
2024-06-06 12:25:00,178.125,178.14,177.92,178.01,70931
2024-06-06 12:30:00,178.02,178.1,177.96,178.06,66676
2024-06-06 12:35:00,178.08,178.17,177.92,177.96,75760
2024-06-06 12:40:00,177.96,177.97,177.71,177.85,58707
2024-06-06 12:45:00,177.86,177.96,177.81,177.93,38979
2024-06-06 12:50:00,177.93,178.0,177.865,177.865,58058
2024-06-06 12:55:00,177.861,178.06,177.805,178.01,124502
2024-06-06 13:00:00,178.01,178.11,177.94,178.055,83065
2024-06-06 13:05:00,178.06,178.17,178.05,178.162,93403
2024-06-06 13:10:00,178.16,178.2,178.08,178.135,83793
2024-06-06 13:15:00,178.13,178.285,178.09,178.1899,77652
2024-06-06 13:20:00,178.185,178.28,178.12,178.28,50820
2024-06-06 13:25:00,178.2735,178.39,178.2735,178.3701,76778
2024-06-06 13:30:00,178.38,178.55,178.38,178.435,113662
2024-06-06 13:35:00,178.44,178.4482,178.1,178.1,85984
2024-06-06 13:40:00,178.08,178.15,177.9614,178.12,95512
2024-06-06 13:45:00,178.13,178.195,178.04,178.18,34258
2024-06-06 13:50:00,178.19,178.32,178.11,178.32,50821
2024-06-06 13:55:00,178.32,178.395,178.2602,178.31,60126
2024-06-06 14:00:00,178.3,178.37,178.22,178.22,61033
2024-06-06 14:05:00,178.21,178.25,177.93,177.9462,68656
2024-06-06 14:10:00,177.93,178.1201,177.88,178.09,48700
2024-06-06 14:15:00,178.1,178.29,178.01,178.24,66984
2024-06-06 14:20:00,178.22,178.28,178.1801,178.21,56837
2024-06-06 14:25:00,178.2,178.21,178.08,178.1,71062
2024-06-06 14:30:00,178.105,178.105,177.945,178.04,77467
2024-06-06 14:35:00,178.0375,178.07,177.91,177.995,59833
2024-06-06 14:40:00,178.0,178.11,177.93,177.97,62168
2024-06-06 14:45:00,177.99,178.0,177.86,177.96,55698
2024-06-06 14:50:00,177.96,178.25,177.96,178.235,94980
2024-06-06 14:55:00,178.2335,178.26,178.19,178.21,98635
2024-06-06 15:00:00,178.2,178.305,178.14,178.29,102361
2024-06-06 15:05:00,178.29,178.46,178.29,178.32,106252
2024-06-06 15:10:00,178.315,178.34,178.17,178.23,129835
2024-06-06 15:15:00,178.2254,178.425,178.21,178.415,99794
2024-06-06 15:20:00,178.415,178.47,178.31,178.455,87325
2024-06-06 15:25:00,178.455,178.57,178.41,178.53,106698
2024-06-06 15:30:00,178.52,178.55,178.25,178.26,228124
2024-06-06 15:35:00,178.26,178.395,178.25,178.355,133373
2024-06-06 15:40:00,178.35,178.39,178.29,178.33,165972
2024-06-06 15:45:00,178.33,178.7,178.33,178.58,242276
2024-06-06 15:50:00,178.575,178.71,178.02,178.07,291194
2024-06-06 15:55:00,178.07,178.36,178.04,178.35,500371
2024-06-06 16:00:00,178.35,178.35,178.0,178.02,1959023
2024-06-06 16:05:00,178.35,178.35,178.2,178.22,1780
2024-06-06 16:10:00,178.22,178.24,178.22,178.24,700
2024-06-06 16:15:00,178.23,178.23,178.21,178.21,1013
2024-06-06 16:20:00,178.15,178.18,178.15,178.18,200
2024-06-06 16:25:00,178.16,178.16,178.13,178.13,516
2024-06-06 16:30:00,178.1,178.19,178.1,178.1111,2414
2024-06-06 16:35:00,178.15,178.21,178.15,178.21,1077
2024-06-06 16:50:00,178.12,178.21,178.12,178.21,571
2024-06-06 16:55:00,178.18,178.21,178.18,178.21,572
2024-06-06 17:10:00,178.17,178.17,178.17,178.17,490
2024-06-06 17:25:00,178.121,178.2,178.121,178.2,384
2024-06-06 17:30:00,178.12,178.12,178.12,178.12,100
2024-06-06 18:00:00,178.34,178.45,178.34,178.45,469
2024-06-06 18:10:00,178.35,178.46,178.35,178.45,1300
2024-06-06 18:15:00,178.45,178.45,178.45,178.45,100
2024-06-06 18:25:00,178.4,178.4,178.4,178.4,100
2024-06-06 18:35:00,178.35,178.5,178.35,178.5,2475
2024-06-06 18:40:00,178.51,178.52,178.5,178.5,1006
2024-06-06 19:15:00,178.49,178.5,178.49,178.5,200
2024-06-06 19:20:00,178.4811,178.4811,178.48,178.48,300
2024-06-06 19:35:00,178.36,178.36,178.36,178.36,100
2024-06-06 19:40:00,178.34,178.34,178.31,178.31,300
2024-06-06 19:45:00,178.35,178.35,178.3,178.31,1892
2024-06-06 19:50:00,178.31,178.31,178.3,178.3,300
2024-06-06 19:55:00,178.3,178.3,178.3,178.3,100
2024-06-07 04:00:00,178.44,178.44,178.42,178.42,950
2024-06-07 04:10:00,178.48,178.48,178.48,178.48,102
2024-06-07 04:20:00,178.57,178.57,178.57,178.57,300
2024-06-07 04:25:00,178.65,178.65,178.64,178.64,574
2024-06-07 04:30:00,178.76,178.76,178.76,178.76,368
2024-06-07 06:40:00,178.48,178.5,178.48,178.5,240
2024-06-07 06:55:00,178.49,178.49,178.49,178.49,125
2024-06-07 07:00:00,178.35,178.35,178.35,178.35,2189
2024-06-07 07:05:00,178.5,178.5,178.5,178.5,123
2024-06-07 07:35:00,178.58,178.58,178.58,178.58,100
2024-06-07 07:40:00,178.78,178.78,178.78,178.78,166
2024-06-07 08:00:00,178.4787,178.89,178.34,178.81,3887
2024-06-07 08:05:00,178.98,178.99,178.54,178.8,3870
2024-06-07 08:10:00,178.78,178.78,178.54,178.7404,902
2024-06-07 08:20:00,178.78,178.8185,178.74,178.8185,1500
2024-06-07 08:25:00,178.8356,178.8356,178.69,178.69,1200
2024-06-07 08:30:00,178.84,179.22,177.93,177.95,8555
2024-06-07 08:35:00,178.07,178.19,178.06,178.1005,2340
2024-06-07 08:40:00,178.16,178.16,177.8,177.9,3701
2024-06-07 08:45:00,177.81,177.83,177.75,177.81,2136
2024-06-07 08:50:00,177.91,177.96,177.91,177.96,600
2024-06-07 08:55:00,178.03,178.24,178.03,178.22,1300
2024-06-07 09:00:00,178.33,178.48,178.21,178.48,5487
2024-06-07 09:05:00,178.53,178.89,178.53,178.7,4527
2024-06-07 09:10:00,178.5,178.5,178.5,178.5,100
2024-06-07 09:15:00,178.42,178.62,178.42,178.62,200
2024-06-07 09:20:00,178.47,178.47,178.47,178.47,100
2024-06-07 09:25:00,178.23,178.78,177.87,178.48,24151
2024-06-07 09:30:00,178.46,178.66,177.75,178.47,556746
2024-06-07 09:35:00,178.49,179.42,178.37,178.4404,389366
2024-06-07 09:40:00,178.45,179.08,178.2,179.08,184121
2024-06-07 09:45:00,179.09,179.27,178.28,178.52,158600
2024-06-07 09:50:00,178.52,178.975,178.43,178.8383,156535
2024-06-07 09:55:00,178.83,178.83,178.21,178.45,174519
2024-06-07 10:00:00,178.45,178.56,178.07,178.12,122808
2024-06-07 10:05:00,178.13,178.22,177.9101,178.14,99942
2024-06-07 10:10:00,178.13,178.2093,177.93,178.06,73696
2024-06-07 10:15:00,178.07,178.56,178.07,178.45,72188
2024-06-07 10:20:00,178.45,178.46,178.0564,178.07,53039
2024-06-07 10:25:00,178.06,178.215,178.04,178.18,49849
2024-06-07 10:30:00,178.17,178.56,178.05,178.56,121518
2024-06-07 10:35:00,178.56,178.56,178.2701,178.42,89854
2024-06-07 10:40:00,178.44,178.73,178.4209,178.72,94557
2024-06-07 10:45:00,178.72,178.895,178.675,178.84,100200
2024-06-07 10:50:00,178.87,178.91,178.71,178.8,59993
2024-06-07 10:55:00,178.79,178.81,178.4801,178.57,70400
2024-06-07 11:00:00,178.57,178.5858,178.31,178.38,87277
2024-06-07 11:05:00,178.382,178.43,178.15,178.22,78486
2024-06-07 11:10:00,178.23,178.23,178.0,178.19,51017
2024-06-07 11:15:00,178.19,178.19,177.97,178.01,49249
2024-06-07 11:20:00,178.01,178.25,178.0,178.25,53523
2024-06-07 11:25:00,178.25,178.45,178.23,178.45,58815
2024-06-07 11:30:00,178.46,178.81,178.46,178.78,83695
2024-06-07 11:35:00,178.79,178.79,178.55,178.595,69506
2024-06-07 11:40:00,178.62,178.65,178.33,178.44,45622
2024-06-07 11:45:00,178.45,178.49,178.32,178.36,38412
2024-06-07 11:50:00,178.385,178.41,178.31,178.38,39893
2024-06-07 11:55:00,178.39,178.53,178.3116,178.52,87659
2024-06-07 12:00:00,178.53,178.63,178.41,178.6125,58938
2024-06-07 12:05:00,178.61,178.73,178.53,178.72,44844
2024-06-07 12:10:00,178.71,178.78,178.6,178.63,63675
2024-06-07 12:15:00,178.65,178.72,178.57,178.7,51012
2024-06-07 12:20:00,178.7,178.77,178.48,178.55,34491
2024-06-07 12:25:00,178.55,178.58,178.46,178.49,42019
2024-06-07 12:30:00,178.49,178.605,178.39,178.39,91125
2024-06-07 12:35:00,178.39,178.46,178.35,178.4504,35932
2024-06-07 12:40:00,178.46,178.4625,178.33,178.4,44902
2024-06-07 12:45:00,178.4,178.43,178.1931,178.31,32999
2024-06-07 12:50:00,178.35,178.57,178.35,178.5501,39158
2024-06-07 12:55:00,178.57,178.74,178.57,178.74,60718
2024-06-07 13:00:00,178.7409,178.755,178.5486,178.62,44458
2024-06-07 13:05:00,178.6201,178.64,178.35,178.35,43215
2024-06-07 13:10:00,178.3538,178.39,178.1217,178.1233,45397
2024-06-07 13:15:00,178.13,178.22,178.05,178.2102,50544
2024-06-07 13:20:00,178.22,178.42,178.104,178.355,67473
2024-06-07 13:25:00,178.364,178.4,178.06,178.1411,40864
2024-06-07 13:30:00,178.14,178.2102,178.0783,178.145,47233
2024-06-07 13:35:00,178.1346,178.17,177.89,177.95,49974
2024-06-07 13:40:00,177.955,178.08,177.838,178.076,40628
2024-06-07 13:45:00,178.08,178.09,177.97,178.05,36200
2024-06-07 13:50:00,178.06,178.24,178.03,178.2,49603
2024-06-07 13:55:00,178.19,178.28,178.02,178.03,47467
2024-06-07 14:00:00,178.02,178.04,177.5,177.58,84153
2024-06-07 14:05:00,177.59,177.63,177.15,177.22,78486
2024-06-07 14:10:00,177.21,177.25,176.89,176.92,123120
2024-06-07 14:15:00,176.91,176.96,176.675,176.84,131014
2024-06-07 14:20:00,176.8201,177.05,176.71,176.73,93671
2024-06-07 14:25:00,176.72,177.05,176.7,176.95,75278
2024-06-07 14:30:00,176.96,177.21,176.95,177.12,122666
2024-06-07 14:35:00,177.12,177.37,177.09,177.34,91872
2024-06-07 14:40:00,177.33,177.765,177.33,177.765,173532
2024-06-07 14:45:00,177.77,177.911,177.71,177.79,133409
2024-06-07 14:50:00,177.78,177.795,177.47,177.74,70179
2024-06-07 14:55:00,177.75,177.755,177.56,177.59,61788
2024-06-07 15:00:00,177.58,177.77,177.45,177.6576,74377
2024-06-07 15:05:00,177.65,177.71,177.59,177.635,69962
2024-06-07 15:10:00,177.64,177.8,177.21,177.4722,74069
2024-06-07 15:15:00,177.48,177.66,177.25,177.3113,54157
2024-06-07 15:20:00,177.31,177.42,177.18,177.28,133095
2024-06-07 15:25:00,177.2782,177.485,177.205,177.39,121694
2024-06-07 15:30:00,177.38,177.5,177.12,177.2,181432
2024-06-07 15:35:00,177.2,177.32,176.84,176.9701,196671
2024-06-07 15:40:00,176.98,177.0499,176.8,176.84,169427
2024-06-07 15:45:00,176.83,176.83,176.33,176.385,239566
2024-06-07 15:50:00,176.39,176.49,175.84,175.89,431023
2024-06-07 15:55:00,175.895,176.16,175.79,175.94,943100
2024-06-07 16:00:00,175.93,175.95,175.64,175.95,1882948
2024-06-07 16:05:00,175.7,175.95,175.61,175.69,4852
2024-06-07 16:10:00,175.69,175.7,175.5,175.5,9791
2024-06-07 16:15:00,175.51,175.7,175.51,175.7,4041
2024-06-07 16:20:00,175.6805,175.6805,175.65,175.65,1000
2024-06-07 16:25:00,175.65,175.69,175.65,175.69,2002
2024-06-07 16:30:00,175.88,175.88,175.88,175.88,100
2024-06-07 16:35:00,175.86,175.87,175.86,175.87,300
2024-06-07 16:40:00,175.9,175.9,175.9,175.9,200
2024-06-07 16:45:00,175.9,175.92,175.81,175.81,1000
2024-06-07 16:50:00,175.87,175.8799,175.87,175.8799,600
2024-06-07 16:55:00,175.91,175.91,175.91,175.91,400
2024-06-07 17:05:00,175.91,175.91,175.91,175.91,825
2024-06-07 17:10:00,175.91,175.91,175.89,175.89,500
2024-06-07 17:15:00,175.91,175.91,175.91,175.91,716
2024-06-07 17:20:00,175.92,175.92,175.9199,175.92,300
2024-06-07 17:25:00,175.91,175.93,175.87,175.93,1125
2024-06-07 17:35:00,175.9368,175.9368,175.87,175.9364,1200
2024-06-07 17:40:00,175.937,175.937,175.937,175.937,993
2024-06-07 17:45:00,175.8,175.9249,175.8,175.85,600
2024-06-07 17:50:00,175.875,175.8875,175.73,175.73,700
2024-06-07 17:55:00,175.7799,175.88,175.65,175.65,834
2024-06-07 18:00:00,175.6,175.6,175.6,175.6,100
2024-06-07 18:05:00,175.71,175.71,175.61,175.61,1100
2024-06-07 18:15:00,175.71,175.88,175.71,175.84,1505
2024-06-07 18:20:00,175.84,175.84,175.84,175.84,600
2024-06-07 18:30:00,175.7005,175.7005,175.7005,175.7005,156
2024-06-07 18:45:00,175.7224,175.7224,175.7224,175.7224,100
2024-06-07 18:55:00,175.8,175.88,175.75,175.88,2381
2024-06-07 19:00:00,175.83,175.88,175.75,175.8787,714
2024-06-07 19:05:00,175.86,176.0,175.86,175.98,3750
2024-06-07 19:10:00,176.0,176.0,176.0,176.0,1156
2024-06-07 19:15:00,176.01,176.01,175.96,175.96,713
2024-06-07 19:20:00,176.0,176.01,176.0,176.0,1201
2024-06-07 19:25:00,175.95,175.95,175.85,175.85,450
2024-06-07 19:30:00,175.8,175.8,175.8,175.8,200
2024-06-07 19:35:00,175.8,175.8,175.75,175.76,1083
2024-06-07 19:40:00,175.76,175.76,175.75,175.76,1000
2024-06-07 19:45:00,175.75,175.76,175.75,175.76,450
2024-06-07 19:50:00,175.75,175.82,175.75,175.75,1189
2024-06-10 04:05:00,175.75,175.75,175.75,175.75,254
2024-06-10 05:05:00,175.78,175.78,175.78,175.78,170
2024-06-10 05:20:00,175.62,175.62,175.62,175.62,200
2024-06-10 05:25:00,175.6,175.6,175.6,175.6,113
2024-06-10 06:00:00,175.75,175.75,175.75,175.75,100
2024-06-10 06:10:00,175.86,175.86,175.72,175.72,2058
2024-06-10 06:15:00,175.74,175.74,175.74,175.74,500
2024-06-10 06:30:00,175.88,175.88,175.88,175.88,113
2024-06-10 06:40:00,175.88,175.9,175.88,175.9,319
2024-06-10 06:45:00,175.96,175.96,175.96,175.96,100
2024-06-10 06:50:00,176.0,176.0,176.0,176.0,187
2024-06-10 06:55:00,175.9,175.9,175.9,175.9,1500
2024-06-10 07:00:00,175.86,175.9,175.86,175.9,208
2024-06-10 07:05:00,175.97,175.97,175.97,175.97,1622
2024-06-10 07:25:00,176.0,176.0,175.97,175.97,200
2024-06-10 07:30:00,176.0,176.0,176.0,176.0,2926
2024-06-10 07:35:00,176.08,176.08,176.08,176.08,500
2024-06-10 07:55:00,175.95,175.95,175.95,175.95,100
2024-06-10 08:00:00,175.87,175.94,175.74,175.75,1831
2024-06-10 08:05:00,175.77,176.0,175.77,176.0,300
2024-06-10 08:15:00,175.9,175.9,175.88,175.88,252
2024-06-10 08:20:00,175.88,175.88,175.78,175.79,1795
2024-06-10 08:25:00,175.82,175.82,175.82,175.82,540
2024-06-10 08:30:00,175.8,175.8397,175.79,175.79,1680
2024-06-10 08:35:00,175.79,175.79,175.75,175.75,600
2024-06-10 08:40:00,175.8499,175.8499,175.8498,175.8498,300
2024-06-10 08:45:00,175.86,175.87,175.86,175.87,4116
2024-06-10 08:50:00,175.87,175.91,175.87,175.91,28421
2024-06-10 08:55:00,175.75,175.75,175.67,175.67,838
2024-06-10 09:10:00,175.85,175.85,175.85,175.85,316
2024-06-10 09:20:00,175.76,175.76,175.7,175.7,200
2024-06-10 09:25:00,175.73,176.37,175.23,176.37,13037
2024-06-10 09:30:00,176.45,176.8,174.58,175.1,575898
2024-06-10 09:35:00,175.0803,175.68,174.86,175.05,214565
2024-06-10 09:40:00,175.0448,175.0802,174.3827,174.42,247148
2024-06-10 09:45:00,174.41,174.79,174.38,174.57,154309
2024-06-10 09:50:00,174.57,174.93,174.46,174.93,187725
2024-06-10 09:55:00,174.94,175.0099,174.42,174.43,155845
2024-06-10 10:00:00,174.44,174.73,174.38,174.415,152808
2024-06-10 10:05:00,174.42,174.84,174.41,174.84,145834
2024-06-10 10:10:00,174.84,175.06,174.74,175.02,120909
2024-06-10 10:15:00,175.02,175.02,174.58,174.63,96280
2024-06-10 10:20:00,174.649,174.91,174.649,174.91,76106
2024-06-10 10:25:00,174.92,175.11,174.815,174.98,114685
2024-06-10 10:30:00,174.96,175.1521,174.64,174.64,86142
2024-06-10 10:35:00,174.65,175.07,174.65,174.79,75722
2024-06-10 10:40:00,174.785,174.95,174.71,174.905,86051
2024-06-10 10:45:00,174.9,175.03,174.845,174.955,100896
2024-06-10 10:50:00,174.95,175.2,174.9,175.0716,91052
2024-06-10 10:55:00,175.0761,175.3,175.02,175.215,81429
2024-06-10 11:00:00,175.215,175.24,174.99,175.0,67209
2024-06-10 11:05:00,175.0,175.2062,174.96,175.165,52298
2024-06-10 11:10:00,175.16,175.2,175.015,175.1,48729
2024-06-10 11:15:00,175.1,175.17,174.93,174.93,68255
2024-06-10 11:20:00,174.95,175.035,174.94,174.99,63136
2024-06-10 11:25:00,175.01,175.09,174.93,174.93,68686
2024-06-10 11:30:00,174.95,175.0,174.775,174.79,51264
2024-06-10 11:35:00,174.8,175.02,174.73,175.02,59441
2024-06-10 11:40:00,175.03,175.29,174.965,175.19,88225
2024-06-10 11:45:00,175.2,175.22,175.03,175.09,49033
2024-06-10 11:50:00,175.08,175.28,175.08,175.28,46390
2024-06-10 11:55:00,175.29,175.465,175.29,175.4,54367
2024-06-10 12:00:00,175.39,175.52,175.36,175.5,47107
2024-06-10 12:05:00,175.5,175.53,175.29,175.335,45859
2024-06-10 12:10:00,175.34,175.5,175.31,175.485,56531
2024-06-10 12:15:00,175.475,175.51,175.4,175.465,47532
2024-06-10 12:20:00,175.46,175.46,175.22,175.28,58638
2024-06-10 12:25:00,175.27,175.345,175.14,175.345,58912
2024-06-10 12:30:00,175.345,175.5,175.33,175.495,71276
2024-06-10 12:35:00,175.5,175.5,175.27,175.32,75241
2024-06-10 12:40:00,175.33,175.56,175.33,175.51,51877
2024-06-10 12:45:00,175.5,175.5,175.36,175.46,39200
2024-06-10 12:50:00,175.455,175.61,175.39,175.41,49132
2024-06-10 12:55:00,175.41,175.505,175.37,175.43,54826
2024-06-10 13:00:00,175.435,175.455,175.25,175.42,106122
2024-06-10 13:05:00,175.43,175.43,175.2918,175.36,48457
2024-06-10 13:10:00,175.365,175.4293,175.31,175.3801,46607
2024-06-10 13:15:00,175.38,175.38,175.1401,175.216,54813
2024-06-10 13:20:00,175.2195,175.2195,175.055,175.07,47605
2024-06-10 13:25:00,175.08,175.11,175.0,175.07,35358
2024-06-10 13:30:00,175.06,175.08,174.92,174.93,48484
2024-06-10 13:35:00,174.935,175.195,174.9302,175.195,44371
2024-06-10 13:40:00,175.2,175.385,175.18,175.33,55945
2024-06-10 13:45:00,175.33,175.64,175.32,175.63,76595
2024-06-10 13:50:00,175.65,175.65,175.43,175.515,59584
2024-06-10 13:55:00,175.515,175.635,175.505,175.57,41543
2024-06-10 14:00:00,175.58,175.58,175.32,175.33,48414
2024-06-10 14:05:00,175.32,175.5549,175.29,175.345,87610
2024-06-10 14:10:00,175.34,175.52,175.29,175.43,72442
2024-06-10 14:15:00,175.415,175.72,175.405,175.652,85708
2024-06-10 14:20:00,175.64,175.85,175.605,175.84,66512
2024-06-10 14:25:00,175.85,175.985,175.81,175.88,65701
2024-06-10 14:30:00,175.88,176.035,175.66,176.01,70767
2024-06-10 14:35:00,176.02,177.14,175.52,177.12,492950
2024-06-10 14:40:00,177.14,178.47,176.89,176.99,708967
2024-06-10 14:45:00,176.985,177.2,176.67,176.94,203439
2024-06-10 14:50:00,176.95,177.19,176.87,177.06,127044
2024-06-10 14:55:00,177.03,177.04,176.67,176.69,99368
2024-06-10 15:00:00,176.67,176.9705,176.62,176.76,77722
2024-06-10 15:05:00,176.75,176.9,176.45,176.48,67755
2024-06-10 15:10:00,176.48,176.6,176.36,176.58,61385
2024-06-10 15:15:00,176.6,176.6782,176.4,176.415,61198
2024-06-10 15:20:00,176.41,176.6,176.3539,176.3702,60677
2024-06-10 15:25:00,176.37,176.5299,176.345,176.52,50983
2024-06-10 15:30:00,176.52,176.53,176.37,176.38,76068
2024-06-10 15:35:00,176.38,176.445,176.21,176.3432,61258
2024-06-10 15:40:00,176.35,176.63,176.34,176.51,107086      x
2024-06-10 15:45:00,176.51,176.7221,176.49,176.63,112562
2024-06-10 15:50:00,176.62,176.86,176.52,176.635,194031
2024-06-10 15:55:00,176.63,176.75,176.365,176.75,680651
2024-06-10 16:00:00,176.74,176.74,176.49,176.49,2145955
2024-06-10 16:05:00,176.58,176.63,176.51,176.62,20845       x5
2024-06-10 16:10:00,176.7,176.74,176.6901,176.74,500
2024-06-10 16:20:00,176.73,176.82,176.73,176.82,900
2024-06-10 16:25:00,176.78,176.78,176.78,176.78,2390
2024-06-10 16:30:00,176.74,176.74,176.63,176.68,1111        x4
2024-06-10 16:45:00,176.64,176.64,176.64,176.64,200
2024-06-10 16:50:00,176.75,176.75,176.7,176.7,216
2024-06-10 17:00:00,176.6537,176.6537,176.6537,176.6537,150 x3
2024-06-10 17:20:00,176.79,176.79,176.79,176.79,100
2024-06-10 17:30:00,176.8,177.03,176.76,176.76,5501
2024-06-10 17:40:00,177.1,177.1,177.1,177.1,100             x3
2024-06-10 17:45:00,176.6915,176.6915,176.69,176.69,572
2024-06-10 17:50:00,176.6925,176.6925,176.6925,176.6925,200
2024-06-10 18:10:00,176.79,176.85,176.79,176.85,400
2024-06-10 18:15:00,176.75,176.75,176.75,176.75,300
2024-06-10 18:20:00,176.75,176.75,176.68,176.68,699
2024-06-10 18:45:00,176.79,177.04,176.67,177.04,1637
2024-06-10 18:50:00,177.09,177.29,177.05,177.29,1070
2024-06-10 18:55:00,177.29,177.3,177.29,177.3,200
2024-06-10 19:00:00,177.33,177.33,177.33,177.33,100
2024-06-10 19:05:00,177.14,177.14,177.08,177.14,700
2024-06-10 19:10:00,177.29,177.29,177.29,177.29,726
2024-06-10 19:15:00,177.27,177.27,177.27,177.27,213
2024-06-10 19:20:00,177.14,177.14,177.09,177.09,720
2024-06-10 19:25:00,177.08,177.08,177.06,177.06,200
2024-06-10 19:30:00,177.0,177.0,177.0,177.0,100
2024-06-10 19:35:00,176.85,176.85,176.68,176.68,600
2024-06-10 19:55:00,176.92,176.92,176.87,176.87,215
