timestamp,open,high,low,close,volume
2024-05-28 04:00:00,430.84,430.84,430.71,430.71,300
2024-05-28 04:05:00,430.49,430.49,430.35,430.49,565
2024-05-28 04:15:00,430.5,430.5,430.32,430.47,1817
2024-05-28 04:20:00,430.31,430.6,430.31,430.6,727
2024-05-28 04:25:00,430.36,430.36,430.34,430.36,1760
2024-05-28 04:30:00,430.37,430.37,430.37,430.37,184
2024-05-28 04:45:00,430.67,430.67,430.67,430.67,100
2024-05-28 04:50:00,430.6,430.6,430.6,430.6,310
2024-05-28 05:00:00,430.81,430.81,430.81,430.81,329
2024-05-28 05:05:00,430.81,430.81,430.81,430.81,100
2024-05-28 05:10:00,430.71,430.71,430.71,430.71,675
2024-05-28 05:15:00,430.37,430.37,430.37,430.37,157
2024-05-28 05:20:00,430.63,430.63,430.63,430.63,100
2024-05-28 05:25:00,430.73,430.73,430.73,430.73,138
2024-05-28 05:30:00,430.44,430.44,430.44,430.44,100
2024-05-28 05:50:00,430.5,430.5,430.5,430.5,365
2024-05-28 06:05:00,430.3,430.3,430.3,430.3,100
2024-05-28 06:15:00,430.0,430.0,430.0,430.0,158
2024-05-28 06:20:00,429.11,429.11,428.75,428.75,300
2024-05-28 06:25:00,428.94,428.94,428.61,428.61,400
2024-05-28 06:30:00,428.79,429.0,428.79,429.0,648
2024-05-28 06:35:00,429.55,429.55,429.47,429.47,200
2024-05-28 06:40:00,429.15,429.39,429.15,429.39,1011
2024-05-28 06:45:00,428.84,428.84,428.32,428.32,2568
2024-05-28 06:50:00,428.35,428.82,428.35,428.82,440
2024-05-28 06:55:00,428.56,428.56,428.08,428.08,2467
2024-05-28 07:00:00,428.67,428.78,428.5,428.56,3703
2024-05-28 07:05:00,428.74,428.99,428.7,428.75,1381
2024-05-28 07:10:00,428.83,428.83,428.83,428.83,100
2024-05-28 07:15:00,428.83,429.0,428.8,429.0,1650
2024-05-28 07:20:00,428.79,428.79,428.5,428.5,1004
2024-05-28 07:25:00,428.7,428.87,428.5,428.86,892
2024-05-28 07:30:00,428.75,428.75,428.5,428.5,1611
2024-05-28 07:35:00,428.7,428.97,428.7,428.97,820
2024-05-28 07:40:00,429.0,429.0,429.0,429.0,100
2024-05-28 07:50:00,429.4,429.5,429.4,429.5,1290
2024-05-28 07:55:00,429.46,430.0,429.46,430.0,1816
2024-05-28 08:00:00,428.79,431.0,428.45,429.8,19889
2024-05-28 08:05:00,430.56,431.54,430.0,430.0,1770
2024-05-28 08:10:00,429.92,430.0285,429.92,430.0285,242
2024-05-28 08:15:00,429.8,429.8,429.39,429.6,2044
2024-05-28 08:20:00,429.75,429.8,429.3853,429.77,1436
2024-05-28 08:25:00,429.6,429.75,429.6,429.75,1325
2024-05-28 08:30:00,429.15,429.6279,429.0,429.3,2366
2024-05-28 08:35:00,429.3,429.3,429.0,429.3,2655
2024-05-28 08:40:00,429.2,429.77,429.14,429.23,5760
2024-05-28 08:45:00,429.21,429.21,428.8,428.9,3295
2024-05-28 08:50:00,429.31,429.4,429.31,429.4,1108
2024-05-28 08:55:00,429.5042,429.7458,429.5,429.7458,697
2024-05-28 09:00:00,429.7738,429.85,429.5,429.5,2267
2024-05-28 09:05:00,429.5,429.6708,429.11,429.24,2132
2024-05-28 09:10:00,429.05,429.25,429.05,429.25,929
2024-05-28 09:15:00,429.15,429.7,429.05,429.7,3790
2024-05-28 09:20:00,429.6,429.85,429.6,429.71,942
2024-05-28 09:25:00,430.03,430.43,429.66,429.99,10747
2024-05-28 09:30:00,429.82,430.0,427.1,428.27,646659
2024-05-28 09:35:00,428.23,429.97,428.095,429.61,314772
2024-05-28 09:40:00,429.74,430.82,428.33,428.35,271286
2024-05-28 09:45:00,428.375,428.66,426.6,426.66,252948
2024-05-28 09:50:00,426.72,427.46,426.72,427.295,162837
2024-05-28 09:55:00,427.2772,428.13,427.23,428.005,198329
2024-05-28 10:00:00,427.96,428.79,427.6201,428.3,166877
2024-05-28 10:05:00,428.355,429.25,428.1,429.23,132992
2024-05-28 10:10:00,429.17,429.91,428.63,428.69,146574
2024-05-28 10:15:00,428.685,429.06,428.27,428.695,116437
2024-05-28 10:20:00,428.6504,428.7231,428.22,428.53,88431
2024-05-28 10:25:00,428.555,428.6,428.13,428.45,112659
2024-05-28 10:30:00,428.42,428.8,428.3101,428.5,87856
2024-05-28 10:35:00,428.49,428.75,428.09,428.09,113706
2024-05-28 10:40:00,428.03,428.8,428.02,428.57,99162
2024-05-28 10:45:00,428.6,428.62,428.23,428.335,45615
2024-05-28 10:50:00,428.335,428.43,427.7601,427.96,111550
2024-05-28 10:55:00,427.965,428.6,427.83,428.59,105859
2024-05-28 11:00:00,428.6205,428.8297,428.26,428.56,77146
2024-05-28 11:05:00,428.53,428.84,428.37,428.79,56043
2024-05-28 11:10:00,428.825,429.32,428.74,428.96,65714
2024-05-28 11:15:00,428.9527,429.2037,428.37,428.61,51764
2024-05-28 11:20:00,428.6006,428.7,428.33,428.38,57966
2024-05-28 11:25:00,428.37,428.53,428.3216,428.44,36966
2024-05-28 11:30:00,428.46,428.81,428.21,428.28,48729
2024-05-28 11:35:00,428.28,428.33,427.98,428.1799,77434
2024-05-28 11:40:00,428.2,428.645,428.17,428.645,38657
2024-05-28 11:45:00,428.64,428.87,428.53,428.77,52874
2024-05-28 11:50:00,428.76,428.8,428.55,428.6,55447
2024-05-28 11:55:00,428.6016,428.64,428.26,428.425,75114
2024-05-28 12:00:00,428.48,428.7392,428.34,428.5,45701
2024-05-28 12:05:00,428.47,428.75,428.46,428.57,37395
2024-05-28 12:10:00,428.59,428.89,428.57,428.89,54000
2024-05-28 12:15:00,428.89,428.89,428.495,428.62,43509
2024-05-28 12:20:00,428.61,428.95,428.56,428.95,64980
2024-05-28 12:25:00,428.8901,428.93,428.67,428.91,43375
2024-05-28 12:30:00,428.89,428.9829,428.74,428.98,32122
2024-05-28 12:35:00,428.975,429.09,428.88,428.93,43289
2024-05-28 12:40:00,428.915,429.01,428.79,428.85,36661
2024-05-28 12:45:00,428.845,428.96,428.7,428.81,54761
2024-05-28 12:50:00,428.7901,429.15,428.7004,429.055,45759
2024-05-28 12:55:00,429.038,429.05,428.73,428.79,30011
2024-05-28 13:00:00,428.81,429.01,428.43,428.53,71397
2024-05-28 13:05:00,428.57,428.87,428.41,428.83,44444
2024-05-28 13:10:00,428.84,428.99,428.77,428.89,34515
2024-05-28 13:15:00,428.89,429.23,428.8767,429.205,43945
2024-05-28 13:20:00,429.19,429.3243,429.09,429.21,29480
2024-05-28 13:25:00,429.1917,429.22,429.02,429.0599,27267
2024-05-28 13:30:00,429.035,429.35,428.84,429.3163,43433
2024-05-28 13:35:00,429.3001,429.3341,429.17,429.27,33736
2024-05-28 13:40:00,429.26,429.29,429.0105,429.1301,42435
2024-05-28 13:45:00,429.14,429.14,428.73,428.81,29267
2024-05-28 13:50:00,428.81,428.84,428.42,428.6,49079
2024-05-28 13:55:00,428.6,428.82,428.5,428.7301,51685
2024-05-28 14:00:00,428.74,429.065,428.55,429.0448,49041
2024-05-28 14:05:00,429.04,429.1,428.9,429.015,35086
2024-05-28 14:10:00,429.0499,429.34,428.93,429.238,38781
2024-05-28 14:15:00,429.22,429.22,428.725,428.76,39677
2024-05-28 14:20:00,428.78,428.83,428.5465,428.81,60259
2024-05-28 14:25:00,428.81,428.95,428.63,428.72,57165
2024-05-28 14:30:00,428.72,428.75,428.22,428.3,80308
2024-05-28 14:35:00,428.3004,428.33,428.04,428.18,78787
2024-05-28 14:40:00,428.19,428.6199,428.06,428.1401,78602
2024-05-28 14:45:00,428.155,428.3079,427.92,428.28,73266
2024-05-28 14:50:00,428.27,428.34,428.02,428.31,60470
2024-05-28 14:55:00,428.31,428.9,428.31,428.82,97643
2024-05-28 15:00:00,428.81,429.15,428.69,428.69,117029
2024-05-28 15:05:00,428.67,429.1,428.615,429.054,55656
2024-05-28 15:10:00,429.06,429.06,428.72,428.97,62545
2024-05-28 15:15:00,428.94,429.28,428.83,429.23,66628
2024-05-28 15:20:00,429.25,429.33,429.04,429.315,61023
2024-05-28 15:25:00,429.34,429.59,428.77,428.84,78562
2024-05-28 15:30:00,428.82,429.27,428.78,429.135,50987
2024-05-28 15:35:00,429.12,429.21,428.92,428.99,70405
2024-05-28 15:40:00,428.95,429.105,428.83,428.8599,65209
2024-05-28 15:45:00,428.84,429.05,428.52,428.545,68969
2024-05-28 15:50:00,428.535,429.29,428.535,429.1801,192547
2024-05-28 15:55:00,429.24,430.46,429.24,430.33,604039
2024-05-28 16:00:00,430.3,430.32,429.35,430.12,2720063
2024-05-28 16:05:00,430.1,430.32,429.81,430.0,5641
2024-05-28 16:10:00,430.0,430.1,430.0,430.1,6206
2024-05-28 16:15:00,430.1,430.32,430.1,430.32,2138
2024-05-28 16:20:00,430.11,430.11,430.0,430.0,582
2024-05-28 16:25:00,429.92,429.92,429.92,429.92,300
2024-05-28 16:35:00,429.9,429.9,429.9,429.9,193
2024-05-28 16:40:00,429.93,430.32,429.93,430.32,17870
2024-05-28 16:45:00,429.8,429.8,429.8,429.8,729
2024-05-28 16:50:00,429.79,429.89,429.7,429.7,2128
2024-05-28 17:00:00,429.7,429.8,429.7,429.8,1922
2024-05-28 17:05:00,430.0,430.0,430.0,430.0,500
2024-05-28 17:10:00,429.85,430.0,429.7,430.0,2108
2024-05-28 17:15:00,430.08,430.08,430.08,430.08,521
2024-05-28 17:20:00,429.75,429.75,429.75,429.75,100
2024-05-28 17:25:00,430.0,430.0,430.0,430.0,200
2024-05-28 17:30:00,430.0,430.04,430.0,430.04,321
2024-05-28 17:45:00,430.04,430.04,430.04,430.04,509
2024-05-28 18:00:00,429.82,430.0,429.55,430.0,4750
2024-05-28 18:05:00,429.96,430.0,429.96,430.0,874
2024-05-28 18:15:00,430.0,430.0,430.0,430.0,100
2024-05-28 18:20:00,430.32,430.32,430.32,430.32,1130
2024-05-28 18:40:00,429.75,429.75,429.75,429.75,203
2024-05-28 18:55:00,429.72,429.72,429.7,429.7,983
2024-05-28 19:05:00,429.79,429.79,429.79,429.79,100
2024-05-28 19:20:00,429.77,429.77,429.77,429.77,200
2024-05-28 19:50:00,429.7,429.7,429.7,429.7,100
2024-05-28 19:55:00,429.7,429.7,429.5,429.5,348
2024-05-29 04:10:00,427.64,427.64,427.64,427.64,100
2024-05-29 04:25:00,427.6,427.6,427.6,427.6,202
2024-05-29 04:35:00,427.6,427.6,427.6,427.6,300
2024-05-29 04:40:00,427.54,427.54,427.54,427.54,200
2024-05-29 04:45:00,427.6,427.6,427.5,427.5,558
2024-05-29 05:40:00,427.5,427.5,427.5,427.5,200
2024-05-29 06:10:00,427.53,427.74,427.53,427.74,1056
2024-05-29 06:25:00,427.58,427.58,427.58,427.58,100
2024-05-29 06:40:00,427.68,427.68,427.55,427.55,457
2024-05-29 06:50:00,427.63,427.63,427.63,427.63,125
2024-05-29 06:55:00,427.5,427.5,427.5,427.5,100
2024-05-29 07:00:00,427.59,428.05,427.59,427.85,1772
2024-05-29 07:05:00,427.9,427.9,427.75,427.75,1281
2024-05-29 07:10:00,427.72,427.72,427.5,427.5,1089
2024-05-29 07:15:00,427.69,427.69,427.35,427.35,300
2024-05-29 07:20:00,427.13,427.2,427.09,427.2,969
2024-05-29 07:25:00,427.0,427.0,426.72,426.72,1014
2024-05-29 07:35:00,427.04,427.04,427.04,427.04,100
2024-05-29 07:40:00,427.13,427.13,427.13,427.13,140
2024-05-29 07:45:00,427.15,427.15,427.15,427.15,131
2024-05-29 07:55:00,427.07,427.07,427.07,427.07,243
2024-05-29 08:00:00,427.71,427.99,426.67,427.0,9202
2024-05-29 08:05:00,427.57,428.51,427.0,427.1,1625
2024-05-29 08:10:00,427.2103,427.5,427.2103,427.5,1857
2024-05-29 08:15:00,427.69,427.69,427.67,427.67,500
2024-05-29 08:20:00,427.5,427.5,427.2019,427.2019,1109
2024-05-29 08:25:00,427.3982,427.3982,427.2,427.2,800
2024-05-29 08:30:00,427.45,427.45,427.2,427.25,1303
2024-05-29 08:35:00,427.16,427.2,426.9,426.9,2695
2024-05-29 08:40:00,427.0322,427.0322,427.0,427.0,501
2024-05-29 08:45:00,427.24,427.5,427.0,427.0,2776
2024-05-29 08:50:00,427.2,427.2,427.2,427.2,204
2024-05-29 08:55:00,427.1,427.1,427.1,427.1,245
2024-05-29 09:00:00,427.2,427.2,426.82,426.82,3255
2024-05-29 09:05:00,426.98,427.1952,426.86,427.1952,950
2024-05-29 09:10:00,427.0327,427.2,427.0327,427.2,825
2024-05-29 09:15:00,427.0,427.25,427.0,427.0,1860
2024-05-29 09:20:00,426.8355,427.05,426.8355,427.05,3125
2024-05-29 09:25:00,426.91,427.06,425.43,425.64,13969
2024-05-29 09:30:00,425.89,428.05,425.69,427.74,617050
2024-05-29 09:35:00,427.8,428.45,427.33,427.8,172869
2024-05-29 09:40:00,427.9,427.95,426.69,427.575,123899
2024-05-29 09:45:00,427.68,429.47,427.57,429.245,182307
2024-05-29 09:50:00,429.245,430.41,429.135,429.85,168808
2024-05-29 09:55:00,429.85,430.3,429.34,429.445,188273
2024-05-29 10:00:00,429.455,429.91,428.73,429.0347,156414
2024-05-29 10:05:00,429.05,429.31,428.63,429.01,126329
2024-05-29 10:10:00,429.025,430.2498,429.0,430.22,131490
2024-05-29 10:15:00,430.24,430.38,429.8801,429.93,134720
2024-05-29 10:20:00,429.95,430.22,429.15,430.09,98172
2024-05-29 10:25:00,430.15,430.38,429.78,430.14,79208
2024-05-29 10:30:00,430.17,430.69,430.15,430.33,106217
2024-05-29 10:35:00,430.35,430.7,430.0446,430.4373,87872
2024-05-29 10:40:00,430.44,430.66,430.255,430.4,50870
2024-05-29 10:45:00,430.39,430.62,429.96,430.265,80748
2024-05-29 10:50:00,430.27,430.3,429.82,430.11,72377
2024-05-29 10:55:00,430.11,430.305,429.5201,429.8825,177825
2024-05-29 11:00:00,429.89,430.02,429.41,429.8,66940
2024-05-29 11:05:00,429.77,429.79,429.24,429.28,58133
2024-05-29 11:10:00,429.25,429.47,428.96,429.0,98745
2024-05-29 11:15:00,428.95,429.18,428.68,429.175,109383
2024-05-29 11:20:00,429.175,429.4674,429.16,429.46,54799
2024-05-29 11:25:00,429.46,429.5,429.2,429.21,37657
2024-05-29 11:30:00,429.26,429.36,429.04,429.18,35822
2024-05-29 11:35:00,429.19,429.88,429.19,429.61,72224
2024-05-29 11:40:00,429.59,429.92,429.42,429.66,48105
2024-05-29 11:45:00,429.64,429.76,429.44,429.615,60365
2024-05-29 11:50:00,429.6776,430.11,429.6776,429.95,62239
2024-05-29 11:55:00,429.95,430.23,429.95,430.15,82625
2024-05-29 12:00:00,430.155,430.155,429.9,430.05,43908
2024-05-29 12:05:00,430.0683,430.31,430.0651,430.232,50178
2024-05-29 12:10:00,430.19,430.2,429.97,430.07,35378
2024-05-29 12:15:00,430.08,430.24,430.01,430.215,36397
2024-05-29 12:20:00,430.19,430.38,430.14,430.29,41365
2024-05-29 12:25:00,430.26,430.405,430.14,430.26,70445
2024-05-29 12:30:00,430.28,430.37,430.19,430.25,47362
2024-05-29 12:35:00,430.24,430.7945,430.2,430.7749,86745
2024-05-29 12:40:00,430.775,430.8,430.4934,430.56,34238
2024-05-29 12:45:00,430.56,430.8599,430.5,430.51,66243
2024-05-29 12:50:00,430.525,430.94,430.525,430.735,46180
2024-05-29 12:55:00,430.75,430.8799,430.69,430.76,40851
2024-05-29 13:00:00,430.74,430.82,429.91,430.01,118816
2024-05-29 13:05:00,430.005,430.226,429.69,430.2,74104
2024-05-29 13:10:00,430.21,430.23,429.84,429.84,81310
2024-05-29 13:15:00,429.81,430.12,429.8,429.96,30350
2024-05-29 13:20:00,429.973,430.06,429.78,429.78,59879
2024-05-29 13:25:00,429.8,430.2,429.72,430.1935,30762
2024-05-29 13:30:00,430.14,430.3185,429.83,429.84,50110
2024-05-29 13:35:00,429.815,429.94,429.54,429.815,45236
2024-05-29 13:40:00,429.84,429.91,429.69,429.7294,34787
2024-05-29 13:45:00,429.73,429.85,429.67,429.83,37191
2024-05-29 13:50:00,429.81,430.4999,429.81,430.36,64791
2024-05-29 13:55:00,430.35,430.55,430.2,430.52,39024
2024-05-29 14:00:00,430.52,430.55,430.215,430.3,40190
2024-05-29 14:05:00,430.29,430.38,430.02,430.31,48182
2024-05-29 14:10:00,430.31,430.35,430.165,430.3,52823
2024-05-29 14:15:00,430.3,430.3,430.02,430.0909,45343
2024-05-29 14:20:00,430.07,430.21,430.04,430.19,35573
2024-05-29 14:25:00,430.23,430.3,430.07,430.07,37132
2024-05-29 14:30:00,430.05,430.11,429.8,429.87,81129
2024-05-29 14:35:00,429.88,429.94,429.55,429.72,44847
2024-05-29 14:40:00,429.69,429.9779,429.63,429.75,39099
2024-05-29 14:45:00,429.73,429.73,429.32,429.48,85898
2024-05-29 14:50:00,429.485,429.6219,429.4501,429.575,30926
2024-05-29 14:55:00,429.58,429.68,429.405,429.49,60315
2024-05-29 15:00:00,429.5,429.735,429.5,429.64,36220
2024-05-29 15:05:00,429.635,429.7466,429.52,429.555,56251
2024-05-29 15:10:00,429.6,429.8,429.355,429.73,51493
2024-05-29 15:15:00,429.72,429.89,429.665,429.71,64618
2024-05-29 15:20:00,429.71,430.0,429.7,429.97,54548
2024-05-29 15:25:00,429.99,430.39,429.94,430.0,81436
2024-05-29 15:30:00,429.98,429.98,429.59,429.78,62455
2024-05-29 15:35:00,429.78,429.92,429.61,429.71,79228
2024-05-29 15:40:00,429.69,429.74,429.38,429.4457,80993
2024-05-29 15:45:00,429.455,429.505,429.27,429.37,94450
2024-05-29 15:50:00,429.36,429.58,428.72,428.87,155434
2024-05-29 15:55:00,428.89,429.51,428.58,429.51,550434
2024-05-29 16:00:00,429.17,429.21,427.05,427.36,2777980
2024-05-29 16:05:00,427.59,429.17,427.15,427.5,250690
2024-05-29 16:10:00,427.48,427.48,427.0,427.37,7169
2024-05-29 16:15:00,427.37,427.59,427.2,427.3,2266
2024-05-29 16:20:00,427.4,429.17,427.0,427.0,16605
2024-05-29 16:25:00,427.1,427.1,426.0,426.0,20471
2024-05-29 16:30:00,426.0,426.67,425.8,426.49,6861
2024-05-29 16:35:00,426.47,426.5,426.0,426.2,5291
2024-05-29 16:40:00,426.23,426.2482,426.1,426.2,6271
2024-05-29 16:45:00,426.2,426.2,425.61,425.8,4459
2024-05-29 16:50:00,425.72,425.83,425.26,425.4,8843
2024-05-29 16:55:00,425.6,425.6,425.5,425.5,1217
2024-05-29 17:00:00,425.5,425.55,425.49,425.5,2198
2024-05-29 17:05:00,425.45,425.5,425.45,425.4989,1404
2024-05-29 17:10:00,425.5,425.5,425.49,425.5,4239
2024-05-29 17:15:00,425.48,425.48,425.46,425.48,798
2024-05-29 17:20:00,425.5,425.5,425.42,425.5,1955
2024-05-29 17:25:00,425.42,425.42,425.42,425.42,150
2024-05-29 17:30:00,425.5,425.5,425.4597,425.4597,1744
2024-05-29 17:35:00,425.44,425.44,425.44,425.44,1186
2024-05-29 17:40:00,425.44,425.5,425.44,425.5,929
2024-05-29 17:45:00,425.5,425.5,425.4817,425.4817,1801
2024-05-29 17:50:00,425.5,425.5,425.5,425.5,1600
2024-05-29 17:55:00,425.5,425.5,425.5,425.5,200
2024-05-29 18:00:00,425.45,425.5,425.31,425.31,1315
2024-05-29 18:05:00,425.35,425.51,425.3009,425.48,1837
2024-05-29 18:10:00,425.5,425.67,425.46,425.67,1162
2024-05-29 18:15:00,425.5,425.54,425.5,425.52,872
2024-05-29 18:20:00,425.51,425.55,425.35,425.35,1361
2024-05-29 18:25:00,425.5,425.75,425.5,425.66,850
2024-05-29 18:30:00,429.17,429.17,425.54,425.54,1117
2024-05-29 18:35:00,425.5,425.5,425.5,425.5,1036
2024-05-29 18:40:00,425.4,425.48,425.01,425.01,3611
2024-05-29 18:45:00,425.35,425.48,425.08,425.08,593
2024-05-29 18:50:00,425.1,425.39,425.1,425.39,389
2024-05-29 18:55:00,425.39,425.39,425.39,425.39,100
2024-05-29 19:00:00,425.35,425.35,425.35,425.35,500
2024-05-29 19:05:00,425.25,425.38,425.15,425.15,600
2024-05-29 19:15:00,425.28,425.28,425.06,425.06,570
2024-05-29 19:20:00,425.3,425.3,425.3,425.3,200
2024-05-29 19:25:00,425.3,425.3,425.1,425.1,421
2024-05-29 19:30:00,425.06,425.19,425.06,425.19,510
2024-05-29 19:40:00,425.19,425.19,425.19,425.19,100
2024-05-29 19:45:00,425.19,425.19,425.19,425.19,1359
2024-05-29 19:50:00,425.03,425.19,425.0,425.19,7713
2024-05-29 19:55:00,425.19,425.48,425.0,425.48,4959
2024-05-30 04:00:00,425.5,425.5,425.01,425.01,300
2024-05-30 04:05:00,425.1,425.1,425.1,425.1,182
2024-05-30 04:20:00,425.5,425.64,425.5,425.64,225
2024-05-30 04:25:00,425.51,425.51,425.43,425.43,512
2024-05-30 04:30:00,425.4,425.4,425.4,425.4,100
2024-05-30 04:35:00,425.61,425.61,425.61,425.61,125
2024-05-30 04:40:00,425.51,425.52,425.51,425.52,300
2024-05-30 04:50:00,425.9,425.9,425.9,425.9,100
2024-05-30 05:55:00,425.95,425.95,425.95,425.95,375
2024-05-30 06:10:00,425.76,425.76,425.71,425.71,231
2024-05-30 06:20:00,425.61,425.61,425.5,425.5,1054
2024-05-30 06:30:00,425.68,425.68,425.68,425.68,100
2024-05-30 06:35:00,425.37,425.37,425.37,425.37,319
2024-05-30 06:40:00,425.63,425.63,425.63,425.63,200
2024-05-30 06:50:00,425.75,425.75,425.75,425.75,756
2024-05-30 07:00:00,425.65,425.65,425.49,425.6,1107
2024-05-30 07:10:00,425.89,425.89,425.89,425.89,1014
2024-05-30 07:15:00,425.65,425.65,425.5,425.5,551
2024-05-30 07:20:00,425.5,425.5,425.5,425.5,300
2024-05-30 07:25:00,425.68,425.68,425.68,425.68,100
2024-05-30 07:30:00,425.56,425.7,425.35,425.35,2283
2024-05-30 07:35:00,425.35,425.35,425.24,425.24,770
2024-05-30 07:40:00,425.3,425.35,425.3,425.3,660
2024-05-30 07:45:00,425.42,425.43,425.42,425.43,284
2024-05-30 07:50:00,425.5,425.5,425.3,425.3,1471
2024-05-30 07:55:00,425.21,425.21,425.01,425.11,476
2024-05-30 08:00:00,425.9,425.9,423.9,424.01,14721
2024-05-30 08:05:00,424.77,425.4,423.9,425.4,794
2024-05-30 08:10:00,425.46,425.46,424.83,425.0,2843
2024-05-30 08:15:00,424.88,425.0,424.74,425.0,4932
2024-05-30 08:20:00,425.0,425.0,424.9,424.9806,2587
2024-05-30 08:25:00,424.9386,425.0,424.66,424.66,1173
2024-05-30 08:30:00,424.72,425.0,424.72,424.82,9519
2024-05-30 08:35:00,425.0,425.0,424.51,424.51,2908
2024-05-30 08:40:00,424.62,425.0,424.39,424.99,1963
2024-05-30 08:45:00,424.98,425.0,424.74,424.74,3085
2024-05-30 08:50:00,424.51,424.51,424.36,424.48,1140
2024-05-30 08:55:00,424.43,424.43,424.05,424.1,2728
2024-05-30 09:00:00,424.2212,424.5,424.22,424.4,7206
2024-05-30 09:05:00,424.36,424.36,423.7,424.02,3576
2024-05-30 09:10:00,424.4883,424.4883,424.0,424.15,4363
2024-05-30 09:15:00,424.0,424.42,424.0,424.31,1178
2024-05-30 09:20:00,424.36,424.75,424.36,424.56,3615
2024-05-30 09:25:00,424.57,425.0,423.5,424.03,16772
2024-05-30 09:30:00,424.24,424.3,421.175,421.46,880965
2024-05-30 09:35:00,421.46,422.6799,420.63,422.545,468636
2024-05-30 09:40:00,422.5311,423.66,422.35,423.11,288255
2024-05-30 09:45:00,423.09,424.0,422.775,422.96,202440
2024-05-30 09:50:00,423.07,423.4125,422.23,422.24,177405
2024-05-30 09:55:00,422.23,422.57,421.28,421.6,178013
2024-05-30 10:00:00,421.65,421.75,420.8683,421.17,272287
2024-05-30 10:05:00,421.2,421.41,420.22,420.5,320302
2024-05-30 10:10:00,420.44,420.49,418.77,418.99,469370
2024-05-30 10:15:00,419.0,419.01,417.75,418.6034,374359
2024-05-30 10:20:00,418.59,419.08,418.37,418.825,188687
2024-05-30 10:25:00,418.825,420.305,418.825,420.27,345131
2024-05-30 10:30:00,420.27,420.33,419.8244,420.04,201810
2024-05-30 10:35:00,420.01,420.12,419.585,419.5919,184277
2024-05-30 10:40:00,419.63,419.7355,418.59,418.8621,184771
2024-05-30 10:45:00,418.86,419.35,418.15,418.255,358645
2024-05-30 10:50:00,418.265,418.6299,417.93,418.08,179902
2024-05-30 10:55:00,418.0794,418.38,417.6,418.06,325125
2024-05-30 11:00:00,418.045,418.37,417.93,418.02,238387
2024-05-30 11:05:00,418.0101,418.71,418.0,418.66,275022
2024-05-30 11:10:00,418.665,419.4,418.4,418.8001,413207
2024-05-30 11:15:00,418.8,419.6,418.8,419.23,218035
2024-05-30 11:20:00,419.26,419.4,419.0,419.24,142048
2024-05-30 11:25:00,419.21,419.35,419.04,419.15,75791
2024-05-30 11:30:00,419.15,419.545,419.02,419.545,213480
2024-05-30 11:35:00,419.6,420.105,419.56,419.84,250157
2024-05-30 11:40:00,419.865,420.27,419.5801,419.5801,128269
2024-05-30 11:45:00,419.63,419.79,419.3,419.46,75940
2024-05-30 11:50:00,419.46,419.49,419.0702,419.3,112328
2024-05-30 11:55:00,419.28,419.34,419.0,419.05,107336
2024-05-30 12:00:00,419.075,419.36,419.03,419.22,133131
2024-05-30 12:05:00,419.245,419.3756,419.03,419.08,98168
2024-05-30 12:10:00,419.055,419.32,419.05,419.21,74396
2024-05-30 12:15:00,419.21,419.57,419.19,419.41,75087
2024-05-30 12:20:00,419.38,419.6,419.1,419.33,79602
2024-05-30 12:25:00,419.33,419.35,419.02,419.135,62726
2024-05-30 12:30:00,419.145,419.34,419.06,419.31,73528
2024-05-30 12:35:00,419.33,419.49,419.1957,419.35,59979
2024-05-30 12:40:00,419.35,419.63,419.265,419.42,95946
2024-05-30 12:45:00,419.44,419.8,419.44,419.56,71124
2024-05-30 12:50:00,419.53,419.92,419.4,419.64,75469
2024-05-30 12:55:00,419.635,419.67,419.54,419.67,70330
2024-05-30 13:00:00,419.675,420.105,419.45,419.73,90524
2024-05-30 13:05:00,419.73,420.05,419.69,419.87,67260
2024-05-30 13:10:00,419.89,420.26,419.74,419.792,80441
2024-05-30 13:15:00,419.79,419.8,419.3975,419.41,96139
2024-05-30 13:20:00,419.43,419.61,419.35,419.59,52217
2024-05-30 13:25:00,419.58,419.62,419.42,419.545,54265
2024-05-30 13:30:00,419.56,419.66,419.11,419.219,110727
2024-05-30 13:35:00,419.205,419.44,419.1,419.4,73515
2024-05-30 13:40:00,419.395,419.5,419.25,419.38,77577
2024-05-30 13:45:00,419.37,419.4,419.09,419.1375,105804
2024-05-30 13:50:00,419.13,419.28,419.0,419.27,264428
2024-05-30 13:55:00,419.27,419.45,419.18,419.18,79443
2024-05-30 14:00:00,419.19,419.31,418.36,418.395,648496
2024-05-30 14:05:00,418.36,418.6999,418.22,418.37,122422
2024-05-30 14:10:00,418.38,418.4099,418.09,418.18,108169
2024-05-30 14:15:00,418.2,418.64,417.93,418.395,117451
2024-05-30 14:20:00,418.4139,418.56,418.23,418.38,63321
2024-05-30 14:25:00,418.3744,418.3744,418.02,418.145,89565
2024-05-30 14:30:00,418.12,418.37,417.995,418.09,79680
2024-05-30 14:35:00,418.085,418.2,417.92,417.9521,90856
2024-05-30 14:40:00,417.95,418.125,417.82,417.92,67625
2024-05-30 14:45:00,417.9,417.94,417.64,417.64,127465
2024-05-30 14:50:00,417.6401,417.66,417.24,417.24,130731
2024-05-30 14:55:00,417.24,417.859,417.24,417.85,163603
2024-05-30 15:00:00,417.88,417.99,417.77,417.9399,123709
2024-05-30 15:05:00,417.93,418.2,417.71,417.765,123137
2024-05-30 15:10:00,417.72,417.79,417.31,417.39,102681
2024-05-30 15:15:00,417.375,417.69,417.32,417.49,125555
2024-05-30 15:20:00,417.51,417.58,416.33,416.38,197618
2024-05-30 15:25:00,416.365,416.865,416.31,416.7084,162936
2024-05-30 15:30:00,416.73,416.86,415.48,415.52,202122
2024-05-30 15:35:00,415.5,415.51,414.69,415.26,331169
2024-05-30 15:40:00,415.2884,415.66,415.06,415.57,241840
2024-05-30 15:45:00,415.57,415.75,414.57,414.65,222416
2024-05-30 15:50:00,414.61,415.5,414.37,414.995,446443
2024-05-30 15:55:00,415.04,415.82,414.24,414.64,1024557
2024-05-30 16:00:00,414.54,414.67,414.54,414.58,3522274
2024-05-30 16:05:00,414.65,414.67,411.15,411.15,259340
2024-05-30 16:10:00,411.0,412.0,411.0,411.93,19690
2024-05-30 16:15:00,411.93,411.93,411.41,411.75,4994
2024-05-30 16:20:00,411.75,412.0,411.6001,411.9035,10113
2024-05-30 16:25:00,411.88,414.67,411.88,413.0,457701
2024-05-30 16:30:00,412.97,413.05,412.7,412.7,4757
2024-05-30 16:35:00,413.0,414.67,412.8123,414.67,3889
2024-05-30 16:40:00,413.51,414.67,413.1453,413.6,17594
2024-05-30 16:45:00,413.63,413.85,413.5,413.85,2620
2024-05-30 16:50:00,413.85,413.95,413.6,413.79,3164
2024-05-30 16:55:00,413.6106,414.0,413.28,414.0,5197
2024-05-30 17:00:00,414.0,414.0,413.9,414.0,884
2024-05-30 17:05:00,413.4,413.76,413.2981,413.2981,987
2024-05-30 17:10:00,413.6,413.6,413.0,413.4,2452
2024-05-30 17:15:00,413.0776,413.5,413.0,413.122,2658
2024-05-30 17:20:00,413.3479,413.35,413.3479,413.35,777
2024-05-30 17:25:00,413.1952,413.1952,413.09,413.09,660
2024-05-30 17:30:00,413.45,413.45,413.1081,413.1081,700
2024-05-30 17:35:00,413.1414,413.1414,413.11,413.11,366
2024-05-30 17:40:00,413.13,413.16,413.13,413.13,346
2024-05-30 17:45:00,413.13,414.67,413.12,413.38,17179
2024-05-30 17:50:00,413.22,413.22,413.0,413.15,2173
2024-05-30 17:55:00,413.38,413.38,412.88,412.88,300
2024-05-30 18:00:00,413.25,413.25,412.8332,413.04,2253
2024-05-30 18:10:00,412.7323,412.7323,412.7019,412.7019,536
2024-05-30 18:15:00,412.6899,414.67,412.6,414.67,4295
2024-05-30 18:20:00,412.6456,412.8,412.6456,412.8,568
2024-05-30 18:25:00,412.89,412.9,412.75,412.75,400
2024-05-30 18:30:00,412.7744,412.9,412.7744,412.9,600
2024-05-30 18:35:00,412.9,413.08,412.9,413.0,940
2024-05-30 18:40:00,413.08,413.08,413.08,413.08,100
2024-05-30 18:45:00,413.38,413.38,413.1078,413.1078,793
2024-05-30 18:55:00,413.22,413.22,413.22,413.22,150
2024-05-30 19:00:00,413.0,413.0,412.92,412.92,1059
2024-05-30 19:05:00,413.35,413.35,413.35,413.35,100
2024-05-30 19:10:00,413.0001,413.15,413.0001,413.15,1577
2024-05-30 19:15:00,413.37,413.37,413.37,413.37,100
2024-05-30 19:25:00,413.69,413.69,413.38,413.38,486
2024-05-30 19:30:00,413.69,413.69,413.66,413.69,548
2024-05-30 19:35:00,413.85,413.85,413.85,413.85,300
2024-05-30 19:40:00,413.7499,413.7499,413.7499,413.7499,100
2024-05-30 19:45:00,413.5,413.5,413.23,413.23,378
2024-05-30 19:50:00,413.39,413.39,413.2,413.35,667
2024-05-30 19:55:00,413.61,413.75,413.61,413.75,217
2024-05-31 04:00:00,413.45,413.45,413.45,413.45,148
2024-05-31 04:05:00,414.0,414.39,414.0,414.39,448
2024-05-31 04:10:00,414.7,414.7,414.7,414.7,100
2024-05-31 04:15:00,415.14,415.14,415.01,415.01,300
2024-05-31 04:20:00,415.14,415.98,415.14,415.86,863
2024-05-31 04:25:00,415.85,416.0,415.79,415.79,1817
2024-05-31 04:30:00,415.5,415.5,415.5,415.5,200
2024-05-31 04:35:00,415.5,415.5,415.5,415.5,713
2024-05-31 04:40:00,415.5,415.99,415.5,415.99,1594
2024-05-31 04:45:00,415.86,415.86,415.85,415.85,370
2024-05-31 04:50:00,415.5,415.5,415.5,415.5,200
2024-05-31 05:00:00,415.12,415.12,415.0,415.0,500
2024-05-31 05:05:00,414.95,415.0,414.95,415.0,364
2024-05-31 05:10:00,415.5,415.7,415.5,415.7,922
2024-05-31 05:20:00,415.72,415.72,415.72,415.72,100
2024-05-31 05:25:00,415.7,415.73,415.7,415.71,1106
2024-05-31 05:30:00,416.0,416.0,416.0,416.0,661
2024-05-31 05:35:00,416.02,416.17,415.82,415.82,900
2024-05-31 05:40:00,415.93,415.97,415.93,415.97,797
2024-05-31 05:45:00,415.7,415.7,415.6,415.6,1143
2024-05-31 06:05:00,415.5,415.5,415.5,415.5,248
2024-05-31 06:15:00,415.21,415.21,414.93,414.93,497
2024-05-31 06:30:00,414.8,414.8,414.8,414.8,600
2024-05-31 06:35:00,414.99,415.0,414.99,415.0,1160
2024-05-31 06:40:00,415.36,415.36,415.1,415.1,878
2024-05-31 06:45:00,414.56,414.56,414.56,414.56,595
2024-05-31 06:50:00,414.05,414.23,414.0,414.01,1820
2024-05-31 07:00:00,414.48,414.6,414.1,414.1,2428
2024-05-31 07:05:00,414.3,414.3,414.3,414.3,115
2024-05-31 07:10:00,414.48,414.48,414.48,414.48,1458
2024-05-31 07:25:00,414.48,415.0,414.48,415.0,1095
2024-05-31 07:30:00,415.2,415.37,415.2,415.37,479
2024-05-31 07:35:00,415.5,415.5,415.42,415.43,693
2024-05-31 07:40:00,415.66,415.7,415.65,415.68,7376
2024-05-31 07:45:00,415.85,415.85,415.6,415.6,3265
2024-05-31 07:50:00,415.5,415.5,415.5,415.5,500
2024-05-31 07:55:00,415.69,415.95,415.69,415.95,1242
2024-05-31 08:00:00,414.595,416.0197,412.96,412.96,12659
2024-05-31 08:05:00,415.8074,416.63,412.97,416.5701,3165
2024-05-31 08:10:00,416.3494,416.43,416.11,416.11,4261
2024-05-31 08:15:00,416.0,416.0,416.0,416.0,450
2024-05-31 08:20:00,415.93,416.29,415.93,416.25,1798
2024-05-31 08:25:00,416.25,416.3,416.02,416.3,3145
2024-05-31 08:30:00,416.44,417.21,416.44,417.0,10136
2024-05-31 08:35:00,417.1,417.8,416.9643,417.3749,9854
2024-05-31 08:40:00,417.55,418.11,417.2129,418.09,9510
2024-05-31 08:45:00,417.926,418.07,417.65,417.8,8166
2024-05-31 08:50:00,417.96,418.0,417.5,417.7,14297
2024-05-31 08:55:00,417.7,417.7,417.14,417.14,2675
2024-05-31 09:00:00,417.2,417.62,416.63,416.7358,5824
2024-05-31 09:05:00,416.7,416.94,416.7,416.94,1165
2024-05-31 09:10:00,416.91,417.35,416.91,417.3,3123
2024-05-31 09:15:00,417.2,417.2,416.63,416.63,3633
2024-05-31 09:20:00,416.57,416.86,416.45,416.71,3923
2024-05-31 09:25:00,416.76,417.67,416.65,417.0,12051
2024-05-31 09:30:00,416.75,416.75,414.5,414.85,581470
2024-05-31 09:35:00,414.78,414.9831,412.0,413.07,346574
2024-05-31 09:40:00,413.09,413.53,412.1742,412.4705,254254
2024-05-31 09:45:00,412.495,412.755,411.29,412.5,295979
2024-05-31 09:50:00,412.5,412.8,412.0,412.4886,252519
2024-05-31 09:55:00,412.52,413.19,412.11,412.258,287965
2024-05-31 10:00:00,412.25,412.7,412.01,412.65,325433
2024-05-31 10:05:00,412.65,412.73,412.16,412.265,182479
2024-05-31 10:10:00,412.27,412.3,412.0,412.015,442127
2024-05-31 10:15:00,412.01,412.4,412.0,412.02,377236
2024-05-31 10:20:00,412.01,412.18,410.195,410.3,1557130
2024-05-31 10:25:00,410.31,410.77,410.05,410.15,301259
2024-05-31 10:30:00,410.155,410.23,408.45,408.76,352736
2024-05-31 10:35:00,408.76,408.7899,407.65,407.89,323185
2024-05-31 10:40:00,407.9,407.95,406.89,407.12,294219
2024-05-31 10:45:00,407.07,407.39,406.06,406.28,323795
2024-05-31 10:50:00,406.3,407.2,406.1037,406.735,236434
2024-05-31 10:55:00,406.79,407.9,406.651,407.66,204828
2024-05-31 11:00:00,407.66,407.8937,407.3641,407.72,124831
2024-05-31 11:05:00,407.67,407.84,407.1,407.17,126711
2024-05-31 11:10:00,407.1719,407.44,406.68,406.95,125820
2024-05-31 11:15:00,406.94,407.17,406.5101,406.76,130566
2024-05-31 11:20:00,406.73,407.0,406.54,406.91,171785
2024-05-31 11:25:00,406.8981,406.93,406.6,406.83,112596
2024-05-31 11:30:00,406.84,406.9199,406.3,406.81,132072
2024-05-31 11:35:00,406.83,407.23,406.63,406.65,147506
2024-05-31 11:40:00,406.63,407.22,406.63,406.705,114471
2024-05-31 11:45:00,406.69,407.04,406.4,406.41,71309
2024-05-31 11:50:00,406.44,406.755,406.35,406.43,84014
2024-05-31 11:55:00,406.435,406.67,406.32,406.44,121730
2024-05-31 12:00:00,406.46,406.64,405.52,405.68,198061
2024-05-31 12:05:00,405.67,405.93,405.35,405.62,137436
2024-05-31 12:10:00,405.625,405.87,405.17,405.24,124325
2024-05-31 12:15:00,405.2246,405.43,405.0,405.1849,270985
2024-05-31 12:20:00,405.28,405.5581,404.51,405.5581,428030
2024-05-31 12:25:00,405.51,405.685,405.2493,405.46,114512
2024-05-31 12:30:00,405.45,405.64,404.9,405.02,151904
2024-05-31 12:35:00,405.035,405.57,404.87,405.565,131068
2024-05-31 12:40:00,405.57,405.95,405.49,405.9242,109969
2024-05-31 12:45:00,405.91,406.15,405.56,405.605,110773
2024-05-31 12:50:00,405.56,405.58,405.32,405.405,76711
2024-05-31 12:55:00,405.43,405.595,405.33,405.5064,57118
2024-05-31 13:00:00,405.51,406.17,405.5,405.95,98328
2024-05-31 13:05:00,405.94,406.27,405.85,406.175,87933
2024-05-31 13:10:00,406.16,406.72,406.14,406.65,77934
2024-05-31 13:15:00,406.665,407.08,406.665,406.76,93032
2024-05-31 13:20:00,406.8,406.93,406.53,406.74,87593
2024-05-31 13:25:00,406.768,406.8543,406.5614,406.61,82701
2024-05-31 13:30:00,406.615,406.86,406.22,406.26,100609
2024-05-31 13:35:00,406.25,406.32,405.4,405.4,98567
2024-05-31 13:40:00,405.43,405.83,405.3,405.8124,110494
2024-05-31 13:45:00,405.79,406.47,405.7101,406.39,118602
2024-05-31 13:50:00,406.37,406.49,406.06,406.29,151324
2024-05-31 13:55:00,406.27,406.7,406.27,406.51,98238
2024-05-31 14:00:00,406.54,406.62,406.21,406.3,86247
2024-05-31 14:05:00,406.31,406.51,406.04,406.144,81818
2024-05-31 14:10:00,406.14,406.44,406.08,406.11,71444
2024-05-31 14:15:00,406.12,406.2408,405.9801,406.0,95595
2024-05-31 14:20:00,405.98,405.98,405.73,405.83,60707
2024-05-31 14:25:00,405.8,405.89,405.4,405.4125,88974
2024-05-31 14:30:00,405.405,405.66,405.21,405.38,100023
2024-05-31 14:35:00,405.37,405.75,405.37,405.75,84082
2024-05-31 14:40:00,405.76,406.68,405.64,406.6698,117205
2024-05-31 14:45:00,406.64,406.77,406.25,406.25,103322
2024-05-31 14:50:00,406.2499,406.3897,405.7401,405.87,96972
2024-05-31 14:55:00,405.882,406.46,405.84,406.4,117839
2024-05-31 15:00:00,406.4,406.56,406.09,406.51,73737
2024-05-31 15:05:00,406.5001,407.36,406.5001,407.21,185766
2024-05-31 15:10:00,407.18,407.53,407.0719,407.27,147774
2024-05-31 15:15:00,407.24,407.56,407.11,407.56,100015
2024-05-31 15:20:00,407.57,407.93,407.54,407.8,182348
2024-05-31 15:25:00,407.78,407.88,407.29,407.33,194423
2024-05-31 15:30:00,407.31,407.41,406.87,406.95,188786
2024-05-31 15:35:00,406.95,407.11,406.88,406.91,182102
2024-05-31 15:40:00,406.93,407.59,406.76,407.43,508111
2024-05-31 15:45:00,407.4224,408.31,407.27,408.22,357652
2024-05-31 15:50:00,408.18,412.54,408.03,412.37,1443950
2024-05-31 15:55:00,412.33,415.75,412.29,415.3075,2370162
2024-05-31 16:00:00,415.05,415.605,413.75,414.85,13714254
2024-05-31 16:05:00,414.99,415.42,411.9653,414.67,118452
2024-05-31 16:10:00,414.66,415.13,414.65,414.77,19460
2024-05-31 16:15:00,414.7,415.13,414.56,414.97,20814
2024-05-31 16:20:00,414.98,415.39,414.9,415.13,9702
2024-05-31 16:25:00,415.14,415.3,414.92,415.3,10594
2024-05-31 16:30:00,415.32,415.32,415.14,415.14,16821
2024-05-31 16:35:00,415.13,415.14,414.89,415.08,8178
2024-05-31 16:40:00,415.05,415.29,415.05,415.13,7198
2024-05-31 16:45:00,415.13,415.19,415.06,415.13,2303
2024-05-31 16:50:00,415.13,415.35,415.13,415.24,7395
2024-05-31 16:55:00,415.13,415.13,415.1,415.1,7399
2024-05-31 17:00:00,415.1,415.13,415.01,415.13,24977
2024-05-31 17:05:00,415.05,415.05,414.91,414.93,798
2024-05-31 17:10:00,414.95,414.95,414.95,414.95,250
2024-05-31 17:15:00,415.0,415.0,414.95,414.95,3271
2024-05-31 17:20:00,414.95,414.95,414.95,414.95,200
2024-05-31 17:25:00,415.0,415.3,415.0,415.3,7385
2024-05-31 17:30:00,415.39,415.39,415.01,415.01,1762
2024-05-31 17:35:00,415.09,415.09,415.09,415.09,166
2024-05-31 17:40:00,415.1,415.13,415.09,415.13,1265
2024-05-31 17:45:00,415.1,415.15,415.0538,415.1,707
2024-05-31 17:50:00,415.13,415.2,415.13,415.2,1381
2024-05-31 17:55:00,415.19,415.2,415.19,415.2,272
2024-05-31 18:00:00,415.2,415.25,415.18,415.25,2834
2024-05-31 18:05:00,415.3,415.3,415.3,415.3,200
2024-05-31 18:15:00,415.3,415.33,415.28,415.28,578
2024-05-31 18:20:00,415.28,415.2996,415.28,415.2996,1072
2024-05-31 18:25:00,415.3,415.33,415.3,415.33,1514
2024-05-31 18:30:00,415.33,415.4,415.33,415.4,964
2024-05-31 18:35:00,415.44,415.69,415.44,415.69,4260
2024-05-31 18:40:00,415.55,415.55,415.55,415.55,450
2024-05-31 18:45:00,415.62,415.62,415.13,415.55,2739
2024-05-31 18:50:00,415.25,415.25,415.13,415.13,500
2024-05-31 18:55:00,415.1,415.1,415.1,415.1,100
2024-05-31 19:00:00,415.15,415.15,415.15,415.15,1000
2024-05-31 19:05:00,415.14,415.15,415.13,415.15,700
2024-05-31 19:10:00,415.15,415.15,415.14,415.14,1959
2024-05-31 19:15:00,415.13,415.13,415.11,415.11,998
2024-05-31 19:25:00,415.15,415.15,415.15,415.15,120
2024-05-31 19:30:00,415.1,415.1,415.1,415.1,100
2024-05-31 19:40:00,415.18,415.18,415.18,415.18,100
2024-05-31 19:50:00,415.19,415.19,415.19,415.19,100
2024-06-03 04:00:00,416.5,416.5,416.0,416.0,2265
2024-06-03 04:05:00,416.4,416.49,416.35,416.35,300
2024-06-03 04:15:00,416.1,416.1,416.1,416.1,100
2024-06-03 04:25:00,416.35,416.35,416.35,416.35,100
2024-06-03 04:30:00,416.33,416.33,415.75,415.75,1087
2024-06-03 04:35:00,415.73,416.0,415.73,416.0,3353
2024-06-03 04:40:00,415.85,415.85,415.85,415.85,148
2024-06-03 04:45:00,415.7,416.39,415.7,416.39,705
2024-06-03 04:50:00,416.35,416.35,416.35,416.35,673
2024-06-03 04:55:00,416.34,416.34,416.34,416.34,115
2024-06-03 05:00:00,416.35,416.35,416.35,416.35,459
2024-06-03 05:05:00,416.33,416.5,416.33,416.5,1471
2024-06-03 05:10:00,416.5,416.5,416.5,416.5,597
2024-06-03 05:15:00,416.91,416.91,416.55,416.55,538
2024-06-03 05:20:00,416.5,416.5,416.5,416.5,100
2024-06-03 05:25:00,416.43,416.5,416.17,416.5,1644
2024-06-03 05:35:00,416.29,416.29,416.29,416.29,270
2024-06-03 05:45:00,416.29,416.29,416.24,416.24,390
2024-06-03 05:50:00,415.5,415.5,415.24,415.44,569
2024-06-03 05:55:00,415.68,416.06,415.68,416.06,1620
2024-06-03 06:05:00,416.01,416.01,416.01,416.01,148
2024-06-03 06:10:00,416.18,416.19,416.18,416.19,200
2024-06-03 06:15:00,416.09,416.2,416.09,416.2,400
2024-06-03 06:30:00,416.38,416.38,416.38,416.38,187
2024-06-03 06:45:00,416.01,416.01,415.68,415.9,1789
2024-06-03 06:50:00,415.91,415.91,415.8,415.8,200
2024-06-03 06:55:00,415.8,415.98,415.8,415.98,620
2024-06-03 07:00:00,415.85,416.11,415.85,416.0,2073
2024-06-03 07:05:00,415.8,416.0,415.67,416.0,1387
2024-06-03 07:15:00,416.1,416.43,416.1,416.43,927
2024-06-03 07:20:00,416.38,416.38,416.38,416.38,129
2024-06-03 07:25:00,416.11,416.11,415.85,415.85,657
2024-06-03 07:30:00,416.29,416.3,416.2,416.2,792
2024-06-03 07:35:00,416.0,416.0,416.0,416.0,205
2024-06-03 07:40:00,416.26,416.28,416.25,416.25,1186
2024-06-03 07:50:00,416.28,416.55,416.28,416.38,2772
2024-06-03 07:55:00,416.47,416.75,416.47,416.63,1616
2024-06-03 08:00:00,416.3454,416.81,415.5416,416.46,30893
2024-06-03 08:05:00,417.14,417.14,416.0,416.9592,4470
2024-06-03 08:10:00,416.75,416.94,416.75,416.92,2049
2024-06-03 08:15:00,417.0,417.0,416.8108,416.9,855
2024-06-03 08:20:00,416.9878,417.23,416.9878,417.23,3161
2024-06-03 08:25:00,417.0,417.1,416.58,416.85,4582
2024-06-03 08:30:00,416.87,417.22,416.5,416.5,3205
2024-06-03 08:35:00,416.42,416.7,416.3,416.68,1891
2024-06-03 08:40:00,416.4512,417.0,416.37,416.75,3999
2024-06-03 08:45:00,416.66,416.66,416.28,416.28,2784
2024-06-03 08:50:00,416.41,416.55,416.2842,416.2842,300
2024-06-03 08:55:00,416.2,416.6733,416.2,416.259,1189
2024-06-03 09:00:00,416.35,416.4,416.22,416.4,674
2024-06-03 09:05:00,416.6563,417.06,416.65,416.95,6726
2024-06-03 09:10:00,417.0,417.35,416.69,416.75,3991
2024-06-03 09:15:00,416.56,416.6586,416.5,416.55,762
2024-06-03 09:20:00,416.59,417.2,416.59,417.0,4282
2024-06-03 09:25:00,416.75,416.75,415.33,415.65,17800
2024-06-03 09:30:00,415.52,416.3799,414.67,414.73,767694
2024-06-03 09:35:00,414.72,415.34,413.5,414.27,251539
2024-06-03 09:40:00,414.273,415.89,414.0607,414.97,208167
2024-06-03 09:45:00,414.92,416.43,414.6443,414.715,194069
2024-06-03 09:50:00,414.63,414.99,413.38,413.88,223264
2024-06-03 09:55:00,413.8108,414.05,412.9492,413.18,200063
2024-06-03 10:00:00,413.48,414.42,412.65,413.37,197465
2024-06-03 10:05:00,413.42,414.22,412.7485,412.7485,133083
2024-06-03 10:10:00,412.735,413.95,412.65,413.89,174981
2024-06-03 10:15:00,413.92,414.59,413.8401,414.58,145465
2024-06-03 10:20:00,414.565,414.5909,414.0225,414.19,81271
2024-06-03 10:25:00,414.214,414.25,413.77,414.15,64590
2024-06-03 10:30:00,414.16,414.74,414.01,414.61,82698
2024-06-03 10:35:00,414.58,415.04,414.32,414.32,115919
2024-06-03 10:40:00,414.32,414.96,413.8,413.975,152207
2024-06-03 10:45:00,414.03,414.05,412.44,412.72,129291
2024-06-03 10:50:00,412.75,412.9699,412.22,412.23,85429
2024-06-03 10:55:00,412.26,412.805,412.25,412.57,110492
2024-06-03 11:00:00,412.555,412.58,411.25,411.32,164540
2024-06-03 11:05:00,411.31,412.48,411.3,412.4799,114650
2024-06-03 11:10:00,412.4595,412.6,411.98,412.1468,90868
2024-06-03 11:15:00,412.155,412.84,412.03,412.43,85208
2024-06-03 11:20:00,412.41,413.0,412.22,412.58,95896
2024-06-03 11:25:00,412.525,412.92,412.45,412.4625,88453
2024-06-03 11:30:00,412.44,412.8,412.16,412.16,44717
2024-06-03 11:35:00,412.14,412.8,411.6,411.6,96973
2024-06-03 11:40:00,411.59,412.2499,411.46,412.2499,56509
2024-06-03 11:45:00,412.22,412.45,411.915,412.395,79559
2024-06-03 11:50:00,412.44,412.75,412.09,412.35,85370
2024-06-03 11:55:00,412.34,412.34,411.8351,412.1,133359
2024-06-03 12:00:00,412.13,412.4199,411.38,411.79,67824
2024-06-03 12:05:00,411.7692,411.86,411.0901,411.22,57707
2024-06-03 12:10:00,411.23,411.4499,410.1,410.26,94764
2024-06-03 12:15:00,410.29,410.61,409.91,409.91,121440
2024-06-03 12:20:00,409.9,410.205,409.2,409.225,106915
2024-06-03 12:25:00,409.225,409.46,408.9234,409.09,112213
2024-06-03 12:30:00,409.1,409.44,408.93,409.3,105078
2024-06-03 12:35:00,409.32,410.52,409.26,410.48,95372
2024-06-03 12:40:00,410.44,410.69,410.25,410.29,66182
2024-06-03 12:45:00,410.27,410.6,410.0,410.02,75831
2024-06-03 12:50:00,410.02,410.29,409.7,410.1,62453
2024-06-03 12:55:00,410.23,410.32,409.87,409.94,55979
2024-06-03 13:00:00,409.88,409.92,409.57,409.715,88269
2024-06-03 13:05:00,409.72,410.06,409.56,409.875,62921
2024-06-03 13:10:00,409.9,409.9199,409.2379,409.82,70352
2024-06-03 13:15:00,409.84,410.14,409.71,410.065,103696
2024-06-03 13:20:00,410.07,410.29,409.9359,410.18,41592
2024-06-03 13:25:00,410.19,410.97,410.14,410.91,78087
2024-06-03 13:30:00,410.92,412.015,410.88,411.9945,101435
2024-06-03 13:35:00,412.02,412.4,411.62,412.1801,117566
2024-06-03 13:40:00,412.22,412.4,411.871,412.15,98645
2024-06-03 13:45:00,412.1893,412.36,412.1018,412.29,39305
2024-06-03 13:50:00,412.33,412.33,411.93,411.985,58667
2024-06-03 13:55:00,412.03,412.08,411.57,411.95,72618
2024-06-03 14:00:00,411.9,412.23,411.66,411.935,78884
2024-06-03 14:05:00,411.97,412.125,411.73,411.92,54823
2024-06-03 14:10:00,411.92,412.075,410.81,410.895,104421
2024-06-03 14:15:00,410.91,411.11,410.64,410.9496,116970
2024-06-03 14:20:00,410.9,411.58,410.7844,411.45,68190
2024-06-03 14:25:00,411.43,411.59,410.72,410.7999,79858
2024-06-03 14:30:00,410.81,411.5299,410.81,410.98,57253
2024-06-03 14:35:00,410.98,411.25,410.8872,411.24,41728
2024-06-03 14:40:00,411.22,411.6,411.0,411.26,46145
2024-06-03 14:45:00,411.25,411.3,410.881,411.03,51952
2024-06-03 14:50:00,411.07,411.07,410.68,410.8299,58256
2024-06-03 14:55:00,410.86,411.125,410.71,410.97,38190
2024-06-03 15:00:00,411.01,411.27,410.8401,411.06,79697
2024-06-03 15:05:00,411.1,411.2094,410.93,410.999,59470
2024-06-03 15:10:00,410.98,411.39,410.915,411.3099,51237
2024-06-03 15:15:00,411.2671,411.46,411.03,411.43,56098
2024-06-03 15:20:00,411.4,411.93,411.39,411.885,78137
2024-06-03 15:25:00,411.875,412.25,411.7401,411.83,85732
2024-06-03 15:30:00,411.88,412.04,411.4548,412.005,48710
2024-06-03 15:35:00,411.99,412.08,411.43,411.4986,48183
2024-06-03 15:40:00,411.53,412.145,411.3374,412.0182,73911
2024-06-03 15:45:00,411.99,412.6,411.97,412.35,86741
2024-06-03 15:50:00,412.39,412.57,411.96,412.54,215376
2024-06-03 15:55:00,412.54,413.73,412.54,413.65,639301
2024-06-03 16:00:00,413.65,413.65,413.0,413.4,1925422
2024-06-03 16:05:00,413.52,413.52,413.3,413.5,33126
2024-06-03 16:10:00,413.59,413.7,413.59,413.7,550
2024-06-03 16:15:00,413.61,413.75,413.56,413.74,2246
2024-06-03 16:20:00,413.56,413.57,413.44,413.44,1200
2024-06-03 16:25:00,413.4,413.4,413.01,413.03,1285
2024-06-03 16:30:00,413.086,413.4,413.0,413.19,5219
2024-06-03 16:35:00,413.19,413.28,413.19,413.28,408
2024-06-03 16:40:00,413.29,413.29,413.15,413.19,530
2024-06-03 16:45:00,413.15,413.45,413.15,413.3,1905
2024-06-03 16:50:00,413.52,413.52,413.52,413.52,10814
2024-06-03 16:55:00,413.48,413.48,413.0,413.25,1705
2024-06-03 17:00:00,413.08,413.13,413.08,413.13,200
2024-06-03 17:15:00,413.48,413.48,413.48,413.48,1500
2024-06-03 17:20:00,413.08,413.08,413.0,413.0,625
2024-06-03 17:25:00,413.0,413.0,412.67,412.67,300
2024-06-03 17:35:00,412.7,412.7,412.6909,412.6909,200
2024-06-03 17:40:00,412.69,413.0341,412.66,412.66,475
2024-06-03 17:50:00,412.66,412.66,412.66,412.66,200
2024-06-03 18:05:00,412.81,412.81,412.81,412.81,100
2024-06-03 18:10:00,412.7178,413.09,412.7178,412.8105,330
2024-06-03 18:20:00,413.33,413.47,413.12,413.12,1083
2024-06-03 18:25:00,413.14,413.14,412.9521,412.9521,300
2024-06-03 18:30:00,413.14,413.14,413.14,413.14,248
2024-06-03 18:35:00,413.5,413.5,413.5,413.5,910
2024-06-03 18:40:00,413.52,414.1,413.52,414.09,2802
2024-06-03 18:45:00,414.01,414.43,414.01,414.39,4676
2024-06-03 18:50:00,414.28,414.45,414.28,414.28,1847
2024-06-03 18:55:00,414.3,414.3,414.28,414.28,1619
2024-06-03 19:00:00,414.28,414.33,414.28,414.33,10410
2024-06-03 19:05:00,414.38,414.6,414.38,414.6,800
2024-06-03 19:10:00,414.6,414.73,414.34,414.59,1611
2024-06-03 19:15:00,414.38,414.38,414.38,414.38,113
2024-06-03 19:20:00,414.58,414.58,414.58,414.58,100
2024-06-03 19:25:00,414.44,414.44,414.44,414.44,146
2024-06-03 19:30:00,414.33,414.4,414.33,414.4,400
2024-06-03 19:35:00,414.32,414.32,414.32,414.32,225
2024-06-03 19:40:00,414.3,414.3,413.9,413.9,3129
2024-06-03 19:45:00,414.0,414.0,414.0,414.0,100
2024-06-03 19:50:00,414.02,414.25,413.93,414.25,456
2024-06-03 19:55:00,414.2,414.4,414.2,414.4,1184
2024-06-04 04:00:00,413.8,413.8,413.61,413.61,600
2024-06-04 04:05:00,413.61,413.61,413.61,413.61,106
2024-06-04 04:10:00,413.39,413.39,413.1,413.1,1916
2024-06-04 04:15:00,413.29,413.29,413.29,413.29,202
2024-06-04 04:20:00,413.2,413.3,413.11,413.12,1907
2024-06-04 04:25:00,413.11,413.11,412.86,412.86,903
2024-06-04 04:30:00,412.8,412.8,412.75,412.75,577
2024-06-04 04:35:00,412.32,412.33,412.27,412.3,614
2024-06-04 04:40:00,412.45,412.45,412.45,412.45,113
2024-06-04 05:00:00,412.31,412.31,412.31,412.31,100
2024-06-04 05:25:00,412.0,412.0,412.0,412.0,300
2024-06-04 06:10:00,411.6,411.6,411.6,411.6,134
2024-06-04 06:15:00,412.0,412.0,412.0,412.0,1300
2024-06-04 06:20:00,412.04,412.04,412.04,412.04,100
2024-06-04 06:25:00,412.03,412.05,411.6,411.82,2218
2024-06-04 06:50:00,411.71,411.74,411.22,411.22,600
2024-06-04 06:55:00,411.21,411.21,410.93,411.08,2599
2024-06-04 07:00:00,411.28,411.44,411.28,411.44,300
2024-06-04 07:05:00,411.31,411.31,411.31,411.31,500
2024-06-04 07:10:00,411.45,411.45,411.45,411.45,168
2024-06-04 07:15:00,411.5,411.55,411.5,411.55,300
2024-06-04 07:20:00,411.64,411.77,411.64,411.77,230
2024-06-04 07:30:00,411.95,411.95,411.95,411.95,100
2024-06-04 07:35:00,412.04,412.2,412.04,412.2,270
2024-06-04 07:40:00,412.26,412.26,412.26,412.26,100
2024-06-04 07:45:00,412.25,412.25,412.25,412.25,165
2024-06-04 07:50:00,412.06,412.06,412.06,412.06,200
2024-06-04 08:00:00,411.31,417.77,411.31,415.05,8833
2024-06-04 08:05:00,414.39,414.57,411.18,411.4,5347
2024-06-04 08:10:00,411.7,411.84,411.56,411.56,655
2024-06-04 08:15:00,411.61,411.61,411.5,411.5,399
2024-06-04 08:20:00,411.6,411.61,411.6,411.6,700
2024-06-04 08:25:00,411.84,411.97,411.84,411.97,716
2024-06-04 08:30:00,412.0,412.05,412.0,412.05,217
2024-06-04 08:35:00,412.3378,412.3378,412.12,412.12,600
2024-06-04 08:40:00,412.34,412.36,412.34,412.36,400
2024-06-04 08:45:00,412.33,412.5,412.33,412.5,214
2024-06-04 08:50:00,412.536,412.69,412.536,412.69,1300
2024-06-04 08:55:00,412.56,412.56,412.5,412.5,700
2024-06-04 09:00:00,412.59,412.77,412.59,412.7,1415
2024-06-04 09:05:00,412.81,412.95,412.81,412.9043,579
2024-06-04 09:10:00,412.8,413.11,412.74,413.11,2923
2024-06-04 09:15:00,413.21,413.25,413.21,413.25,300
2024-06-04 09:25:00,412.67,412.67,411.9,412.15,2905
2024-06-04 09:30:00,412.18,412.53,409.675,410.29,596265
2024-06-04 09:35:00,410.27,411.53,410.171,411.06,205724
2024-06-04 09:40:00,411.02,411.61,410.5501,411.085,133109
2024-06-04 09:45:00,411.1,411.6,410.66,411.31,145386
2024-06-04 09:50:00,411.33,411.405,410.8326,411.3,103513
2024-06-04 09:55:00,411.33,411.559,410.65,411.39,166810
2024-06-04 10:00:00,411.39,412.7989,411.34,411.965,200705
2024-06-04 10:05:00,411.94,412.21,411.18,411.835,103117
2024-06-04 10:10:00,411.81,412.28,411.1175,411.34,174356
2024-06-04 10:15:00,411.35,411.967,411.2,411.695,143245
2024-06-04 10:20:00,411.65,411.91,410.95,411.27,129745
2024-06-04 10:25:00,411.26,412.55,411.26,412.55,105299
2024-06-04 10:30:00,412.54,413.14,412.42,412.76,129032
2024-06-04 10:35:00,412.8,412.9,412.3401,412.7,55856
2024-06-04 10:40:00,412.7046,413.43,412.7046,412.918,65118
2024-06-04 10:45:00,412.95,413.13,412.36,412.61,50063
2024-06-04 10:50:00,412.65,412.86,412.44,412.6863,32401
2024-06-04 10:55:00,412.715,412.715,412.14,412.28,59241
2024-06-04 11:00:00,412.28,412.5,411.91,411.98,47897
2024-06-04 11:05:00,411.89,412.26,411.5,412.26,69651
2024-06-04 11:10:00,412.31,412.75,411.8125,411.94,68835
2024-06-04 11:15:00,411.92,412.62,411.87,412.47,37786
2024-06-04 11:20:00,412.43,413.049,412.4126,412.59,69466
2024-06-04 11:25:00,412.62,412.75,412.14,412.2099,42233
2024-06-04 11:30:00,412.12,412.22,411.6,411.93,46430
2024-06-04 11:35:00,412.0,412.19,411.7,412.19,37943
2024-06-04 11:40:00,412.16,412.43,412.09,412.305,60419
2024-06-04 11:45:00,412.3,412.485,411.96,411.96,45263
2024-06-04 11:50:00,411.99,412.3,411.93,412.22,29834
2024-06-04 11:55:00,412.23,412.31,412.08,412.16,26465
2024-06-04 12:00:00,412.2,412.55,412.0,412.305,50717
2024-06-04 12:05:00,412.31,412.46,412.08,412.27,26900
2024-06-04 12:10:00,412.23,412.44,412.12,412.4301,37835
2024-06-04 12:15:00,412.41,412.55,412.24,412.45,37854
2024-06-04 12:20:00,412.47,412.5927,412.18,412.3899,45337
2024-06-04 12:25:00,412.39,412.48,412.22,412.375,33458
2024-06-04 12:30:00,412.35,412.52,412.31,412.5,22397
2024-06-04 12:35:00,412.51,412.9,412.45,412.8,53260
2024-06-04 12:40:00,412.78,413.1,412.72,412.87,174240
2024-06-04 12:45:00,412.835,413.37,412.79,413.26,50671
2024-06-04 12:50:00,413.205,413.21,412.53,412.8,41073
2024-06-04 12:55:00,412.82,413.03,412.79,412.91,18967
2024-06-04 13:00:00,412.905,413.12,412.76,413.105,37176
2024-06-04 13:05:00,413.12,413.185,412.26,412.42,26530
2024-06-04 13:10:00,412.42,412.81,412.4,412.67,28424
2024-06-04 13:15:00,412.64,413.1,412.5501,413.08,26421
2024-06-04 13:20:00,413.08,413.26,412.8899,413.0,31761
2024-06-04 13:25:00,412.96,413.56,412.68,413.47,36213
2024-06-04 13:30:00,413.5,413.64,413.06,413.07,49473
2024-06-04 13:35:00,413.18,413.56,413.09,413.39,27768
2024-06-04 13:40:00,413.3546,413.73,413.3138,413.37,37838
2024-06-04 13:45:00,413.33,413.75,413.33,413.67,41396
2024-06-04 13:50:00,413.69,413.81,413.26,413.38,59155
2024-06-04 13:55:00,413.325,413.5,413.17,413.46,51497
2024-06-04 14:00:00,413.41,413.46,412.916,413.235,110562
2024-06-04 14:05:00,413.2,413.41,413.05,413.35,49692
2024-06-04 14:10:00,413.28,413.84,413.22,413.76,35182
2024-06-04 14:15:00,413.78,414.63,413.78,414.47,83200
2024-06-04 14:20:00,414.51,415.34,414.45,415.2601,123199
2024-06-04 14:25:00,415.35,415.37,414.71,415.2104,53778
2024-06-04 14:30:00,415.25,415.3,414.48,414.56,44632
2024-06-04 14:35:00,414.62,414.8299,414.5,414.735,36688
2024-06-04 14:40:00,414.735,415.16,414.58,415.13,36367
2024-06-04 14:45:00,415.045,415.21,414.8705,415.01,47189
2024-06-04 14:50:00,415.0084,415.2,414.92,414.95,26131
2024-06-04 14:55:00,414.985,415.08,414.41,414.53,36022
2024-06-04 15:00:00,414.5,414.538,413.19,413.4,53607
2024-06-04 15:05:00,413.23,413.67,412.95,413.53,53552
2024-06-04 15:10:00,413.6914,414.11,413.525,413.785,35068
2024-06-04 15:15:00,413.75,414.35,413.71,413.8757,49242
2024-06-04 15:20:00,413.87,414.31,413.79,414.31,50395
2024-06-04 15:25:00,414.29,414.4508,414.14,414.32,34581
2024-06-04 15:30:00,414.32,414.58,413.96,414.27,66016
2024-06-04 15:35:00,414.26,414.67,414.1901,414.64,51498
2024-06-04 15:40:00,414.65,415.48,414.64,415.46,91407
2024-06-04 15:45:00,415.428,415.52,414.94,415.14,107016
2024-06-04 15:50:00,415.13,415.72,415.13,415.47,166467
2024-06-04 15:55:00,415.5,416.44,415.49,416.07,481793
2024-06-04 16:00:00,416.07,416.07,412.1953,415.94,2571463
2024-06-04 16:05:00,415.55,416.07,415.5,415.9,52759
2024-06-04 16:10:00,415.78,416.0027,415.78,416.0027,3432
2024-06-04 16:15:00,415.92,416.07,415.92,416.0,3313
2024-06-04 16:20:00,416.0,416.36,416.0,416.36,4129
2024-06-04 16:25:00,416.36,416.46,416.23,416.46,1244
2024-06-04 16:30:00,416.22,416.42,416.21,416.42,2384
2024-06-04 16:35:00,416.45,416.46,416.07,416.3,57316
2024-06-04 16:40:00,416.25,416.4001,416.2,416.4001,2602
2024-06-04 16:45:00,416.42,416.42,416.39,416.39,300
2024-06-04 16:50:00,416.37,416.43,416.323,416.43,1318
2024-06-04 16:55:00,416.32,416.32,416.31,416.31,200
2024-06-04 17:00:00,416.41,416.43,416.41,416.43,250
2024-06-04 17:05:00,416.4291,416.4291,416.4291,416.4291,100
2024-06-04 17:20:00,416.2601,416.29,416.2601,416.29,687
2024-06-04 17:30:00,416.2072,416.29,416.2072,416.25,894
2024-06-04 17:35:00,416.2,416.2,416.07,416.07,26937
2024-06-04 17:40:00,416.2052,416.2052,416.2052,416.2052,200
2024-06-04 17:45:00,416.2052,416.2052,416.2052,416.2052,200
2024-06-04 18:00:00,416.3,416.3,416.3,416.3,100
2024-06-04 18:05:00,416.21,416.4,416.21,416.4,250
2024-06-04 18:10:00,416.2,416.25,416.2,416.25,1180
2024-06-04 18:30:00,416.43,416.43,416.37,416.37,466
2024-06-04 18:35:00,416.37,416.37,416.37,416.37,100
2024-06-04 18:40:00,416.2631,416.2631,416.2631,416.2631,100
2024-06-04 18:45:00,416.26,416.26,416.26,416.26,461
2024-06-04 18:50:00,416.2665,416.2665,416.2665,416.2665,100
2024-06-04 18:55:00,416.3106,416.3106,416.3106,416.3106,138
2024-06-04 19:00:00,416.38,416.47,416.38,416.47,1447
2024-06-04 19:05:00,416.48,416.5,416.48,416.5,913
2024-06-04 19:10:00,416.55,416.6,416.55,416.6,300
2024-06-04 19:15:00,416.7,416.7499,416.7,416.7499,726
2024-06-04 19:20:00,416.64,416.64,416.64,416.64,170
2024-06-04 19:40:00,416.66,416.7,416.66,416.7,350
2024-06-04 19:45:00,416.5,416.5,416.5,416.5,110
2024-06-04 19:50:00,416.6,416.6,416.6,416.6,500
2024-06-04 19:55:00,416.56,416.56,416.56,416.56,174
2024-06-05 04:10:00,416.85,417.02,416.85,417.02,300
2024-06-05 04:15:00,417.15,417.15,416.82,416.82,600
2024-06-05 04:20:00,416.9,416.9,416.9,416.9,100
2024-06-05 04:50:00,417.23,417.7,417.23,417.7,1380
2024-06-05 05:00:00,417.71,417.71,417.71,417.71,100
2024-06-05 05:05:00,417.8,418.0,417.8,418.0,300
2024-06-05 05:10:00,418.09,418.1,418.09,418.1,318
2024-06-05 05:15:00,417.65,417.69,417.65,417.69,225
2024-06-05 05:35:00,417.64,417.64,417.64,417.64,100
2024-06-05 05:40:00,417.71,417.71,417.71,417.71,270
2024-06-05 05:45:00,417.74,417.74,417.74,417.74,100
2024-06-05 06:00:00,417.81,417.88,417.81,417.88,400
2024-06-05 06:05:00,417.86,417.86,417.85,417.85,1899
2024-06-05 06:10:00,417.95,417.95,417.95,417.95,248
2024-06-05 06:20:00,417.92,417.92,417.92,417.92,100
2024-06-05 06:30:00,417.95,417.95,417.9,417.9,598
2024-06-05 06:35:00,417.89,417.89,417.8,417.8,200
2024-06-05 06:40:00,417.64,417.64,417.35,417.35,816
2024-06-05 06:45:00,417.43,417.43,417.405,417.405,500
2024-06-05 06:50:00,417.37,417.4,417.37,417.4,1057
2024-06-05 06:55:00,417.42,417.42,417.22,417.22,669
2024-06-05 07:00:00,417.17,417.7,417.17,417.38,466
2024-06-05 07:20:00,417.04,417.04,417.0,417.0,704
2024-06-05 07:25:00,417.17,417.2,417.17,417.2,244
2024-06-05 07:30:00,417.27,417.27,417.27,417.27,200
2024-06-05 07:35:00,417.5,417.5,417.5,417.5,251
2024-06-05 07:40:00,417.58,417.58,417.58,417.58,303
2024-06-05 07:50:00,417.54,417.54,417.4,417.4,1333
2024-06-05 07:55:00,417.3,417.45,417.29,417.45,811
2024-06-05 08:00:00,417.25,417.87,416.95,417.67,7476
2024-06-05 08:05:00,417.4422,417.7521,417.4422,417.65,1384
2024-06-05 08:10:00,417.747,417.77,417.747,417.75,944
2024-06-05 08:15:00,417.77,417.77,417.1601,417.1601,600
2024-06-05 08:20:00,417.08,417.1,417.08,417.1,436
2024-06-05 08:30:00,417.25,417.25,417.0,417.1,5108
2024-06-05 08:35:00,417.1619,417.4425,417.13,417.4425,1078
2024-06-05 08:40:00,417.48,417.48,417.4,417.4,200
2024-06-05 08:45:00,417.38,417.6633,417.38,417.58,1200
2024-06-05 08:50:00,417.64,417.77,417.6,417.6,3823
2024-06-05 08:55:00,417.54,417.6,417.3818,417.4897,5603
2024-06-05 09:00:00,417.42,417.45,417.18,417.18,3333
2024-06-05 09:05:00,417.19,417.67,417.19,417.67,1861
2024-06-05 09:10:00,417.6987,417.89,417.5192,417.7969,2091
2024-06-05 09:15:00,417.54,417.61,417.5,417.5,2297
2024-06-05 09:20:00,417.26,417.5,417.26,417.5,713
2024-06-05 09:25:00,417.5,418.04,417.5,418.04,5426
2024-06-05 09:30:00,417.87,418.7,417.45,417.99,412667
2024-06-05 09:35:00,417.94,418.27,416.53,416.81,175762
2024-06-05 09:40:00,416.8,417.86,416.3,417.61,250100
2024-06-05 09:45:00,417.73,418.0,417.02,417.05,202578
2024-06-05 09:50:00,417.04,417.9,416.52,417.61,137217
2024-06-05 09:55:00,417.63,418.36,417.625,418.3,151488
2024-06-05 10:00:00,418.31,418.52,417.2101,417.7,188407
2024-06-05 10:05:00,417.76,417.81,416.73,416.86,134275
2024-06-05 10:10:00,416.84,417.45,416.79,417.25,93972
2024-06-05 10:15:00,417.19,417.47,417.0,417.2,77538
2024-06-05 10:20:00,417.2,417.785,416.9,417.56,147500
2024-06-05 10:25:00,417.5101,418.21,417.51,418.1,112021
2024-06-05 10:30:00,418.17,419.08,418.17,419.04,124470
2024-06-05 10:35:00,419.02,419.27,418.49,418.78,74187
2024-06-05 10:40:00,418.8342,419.07,418.68,418.99,71170
2024-06-05 10:45:00,418.97,419.68,418.84,419.56,103927
2024-06-05 10:50:00,419.6,419.82,419.36,419.68,134414
2024-06-05 10:55:00,419.68,419.908,419.29,419.62,86189
2024-06-05 11:00:00,419.66,420.2349,419.63,420.23,101343
2024-06-05 11:05:00,420.17,420.21,419.76,419.809,100799
2024-06-05 11:10:00,419.84,420.49,419.84,420.43,80559
2024-06-05 11:15:00,420.44,420.83,420.38,420.64,87044
2024-06-05 11:20:00,420.66,420.81,420.45,420.6401,73618
2024-06-05 11:25:00,420.652,420.75,420.43,420.55,84559
2024-06-05 11:30:00,420.59,420.67,420.42,420.49,60599
2024-06-05 11:35:00,420.5,420.5736,420.1142,420.1809,62039
2024-06-05 11:40:00,420.21,420.95,420.21,420.88,101992
2024-06-05 11:45:00,420.87,421.11,420.655,420.84,105766
2024-06-05 11:50:00,420.88,421.07,420.621,420.9,57935
2024-06-05 11:55:00,420.9,420.9,420.56,420.66,52094
2024-06-05 12:00:00,420.6,420.65,420.23,420.3949,83591
2024-06-05 12:05:00,420.405,420.97,420.2403,420.85,52476
2024-06-05 12:10:00,420.9,421.16,420.84,420.96,68870
2024-06-05 12:15:00,420.94,421.14,420.83,421.14,48866
2024-06-05 12:20:00,421.12,421.485,421.06,421.48,68104
2024-06-05 12:25:00,421.49,421.7398,421.42,421.67,110290
2024-06-05 12:30:00,421.66,422.33,421.58,422.22,122993
2024-06-05 12:35:00,422.24,422.47,421.91,421.98,86835
2024-06-05 12:40:00,421.975,422.37,421.9601,422.1916,71046
2024-06-05 12:45:00,422.1925,422.55,422.181,422.44,75882
2024-06-05 12:50:00,422.46,422.75,422.46,422.6,80122
2024-06-05 12:55:00,422.56,422.6,422.34,422.38,45780
2024-06-05 13:00:00,422.3937,423.08,422.33,423.04,89632
2024-06-05 13:05:00,423.03,423.2392,422.94,423.09,68762
2024-06-05 13:10:00,423.13,423.35,423.05,423.09,76639
2024-06-05 13:15:00,423.095,423.12,422.56,422.7801,71423
2024-06-05 13:20:00,422.64,422.7679,422.16,422.64,103170
2024-06-05 13:25:00,422.57,422.92,422.42,422.8601,40954
2024-06-05 13:30:00,422.9,423.17,422.84,423.1503,47551
2024-06-05 13:35:00,423.16,423.28,422.98,423.18,74631
2024-06-05 13:40:00,423.16,423.325,422.71,423.14,62810
2024-06-05 13:45:00,423.145,423.24,422.9384,423.075,47494
2024-06-05 13:50:00,423.06,423.06,422.86,422.87,52939
2024-06-05 13:55:00,422.87,423.03,422.79,422.93,45331
2024-06-05 14:00:00,422.925,423.09,422.74,422.955,54861
2024-06-05 14:05:00,422.94,422.9599,422.42,422.69,77537
2024-06-05 14:10:00,422.69,422.8674,422.59,422.7001,39211
2024-06-05 14:15:00,422.7234,422.99,422.68,422.9271,43717
2024-06-05 14:20:00,422.9396,422.96,422.72,422.9,35702
2024-06-05 14:25:00,422.8701,423.07,422.85,423.0,45098
2024-06-05 14:30:00,423.012,423.36,422.84,423.115,76961
2024-06-05 14:35:00,423.13,423.27,423.02,423.175,47074
2024-06-05 14:40:00,423.2,423.38,423.06,423.3738,45500
2024-06-05 14:45:00,423.38,423.48,423.29,423.34,51690
2024-06-05 14:50:00,423.3601,423.6,423.36,423.54,51470
2024-06-05 14:55:00,423.56,423.61,423.422,423.4765,56069
2024-06-05 15:00:00,423.47,423.62,423.23,423.45,59951
2024-06-05 15:05:00,423.455,423.515,423.13,423.37,63321
2024-06-05 15:10:00,423.355,423.48,423.1999,423.4,48608
2024-06-05 15:15:00,423.385,423.52,423.2501,423.425,62023
2024-06-05 15:20:00,423.425,423.51,423.218,423.29,70529
2024-06-05 15:25:00,423.29,423.3,422.75,422.79,76005
2024-06-05 15:30:00,422.775,422.9,422.53,422.57,125135
2024-06-05 15:35:00,422.59,422.6,422.2371,422.47,162685
2024-06-05 15:40:00,422.475,422.68,422.3,422.3893,94693
2024-06-05 15:45:00,422.36,422.44,422.14,422.39,118765
2024-06-05 15:50:00,422.4,423.39,422.12,423.18,273597
2024-06-05 15:55:00,423.15,424.08,423.122,424.04,675445
2024-06-05 16:00:00,424.01,424.01,422.88,424.01,3361331
2024-06-05 16:05:00,424.01,424.01,422.91,423.05,8764
2024-06-05 16:10:00,423.07,423.15,423.07,423.12,1572
2024-06-05 16:15:00,423.1,423.17,423.09,423.17,3905
2024-06-05 16:20:00,423.3,423.48,423.19,423.3,1350
2024-06-05 16:25:00,423.37,423.37,423.35,423.35,264
2024-06-05 16:30:00,423.35,423.37,423.3,423.32,1298
2024-06-05 16:35:00,423.34,423.36,423.34,423.36,275
2024-06-05 16:40:00,423.36,423.74,423.36,423.36,1439
2024-06-05 16:45:00,423.31,423.65,423.31,423.65,200
2024-06-05 16:55:00,423.362,423.49,423.362,423.49,215
2024-06-05 17:00:00,423.31,424.01,423.31,424.01,642802
2024-06-05 17:05:00,423.3874,423.3874,423.3874,423.3874,100
2024-06-05 17:10:00,423.26,423.3,423.23,423.23,533
2024-06-05 17:15:00,423.63,423.84,423.61,423.66,1812
2024-06-05 17:20:00,423.66,423.66,423.31,423.31,1174
2024-06-05 17:25:00,423.26,423.37,423.26,423.35,689
2024-06-05 17:30:00,423.33,423.33,423.33,423.33,500
2024-06-05 17:45:00,423.33,423.33,423.33,423.33,107
2024-06-05 18:00:00,423.34,423.34,423.34,423.34,300
2024-06-05 18:05:00,423.3,423.33,423.3,423.33,250
2024-06-05 18:10:00,423.27,423.27,423.27,423.27,124
2024-06-05 18:15:00,423.45,423.9,423.3,423.3,4589
2024-06-05 18:20:00,423.43,423.55,423.43,423.55,294
2024-06-05 18:25:00,423.38,423.44,423.38,423.44,225
2024-06-05 18:30:00,423.5,423.55,423.4701,423.4701,414
2024-06-05 18:35:00,423.48,423.48,423.48,423.48,129
2024-06-05 18:45:00,423.83,423.83,423.83,423.83,100
2024-06-05 18:50:00,423.88,423.88,423.88,423.88,500
2024-06-05 18:55:00,423.81,423.81,423.81,423.81,100
2024-06-05 19:05:00,423.78,423.78,423.77,423.78,1241
2024-06-05 19:15:00,423.94,423.94,423.94,423.94,100
2024-06-05 19:20:00,423.8,423.8,423.8,423.8,198
2024-06-05 19:50:00,423.48,423.48,423.47,423.47,648
2024-06-06 04:00:00,423.25,423.25,422.83,422.83,672
2024-06-06 04:05:00,422.68,423.0,422.68,423.0,1032
2024-06-06 04:10:00,423.06,423.06,423.06,423.06,153
2024-06-06 04:25:00,423.24,423.24,423.23,423.23,471
2024-06-06 04:30:00,423.21,423.21,423.21,423.21,100
2024-06-06 04:35:00,423.16,423.23,423.16,423.23,220
2024-06-06 04:40:00,423.18,423.18,423.18,423.18,120
2024-06-06 04:45:00,423.16,423.16,423.14,423.14,200
2024-06-06 04:50:00,423.23,423.25,423.23,423.25,300
2024-06-06 04:55:00,423.17,423.17,423.1,423.1,360
2024-06-06 05:00:00,422.83,422.91,422.83,422.91,355
2024-06-06 05:05:00,423.1,423.1,423.1,423.1,250
2024-06-06 05:10:00,423.12,423.12,423.12,423.12,100
2024-06-06 05:20:00,422.87,422.9,422.87,422.9,475
2024-06-06 05:30:00,422.9,422.9,422.9,422.9,125
2024-06-06 05:35:00,422.8,422.8,422.8,422.8,148
2024-06-06 06:00:00,422.77,423.01,422.77,423.01,356
2024-06-06 06:05:00,423.08,423.5,423.08,423.5,1724
2024-06-06 06:10:00,423.5,423.5,423.35,423.35,945
2024-06-06 06:25:00,423.13,423.13,423.13,423.13,153
2024-06-06 06:40:00,423.46,423.46,423.46,423.46,100
2024-06-06 06:45:00,423.36,423.36,423.36,423.36,100
2024-06-06 06:50:00,423.32,423.32,423.32,423.32,162
2024-06-06 06:55:00,423.49,423.5,423.49,423.5,223
2024-06-06 07:00:00,423.23,423.31,423.23,423.31,200
2024-06-06 07:05:00,423.4,423.4,423.18,423.18,549
2024-06-06 07:10:00,423.18,423.18,423.18,423.18,100
2024-06-06 07:15:00,423.01,423.01,423.0,423.0,388
2024-06-06 07:20:00,423.01,423.01,422.86,422.86,400
2024-06-06 07:30:00,422.73,422.73,422.71,422.71,340
2024-06-06 07:35:00,422.68,422.68,422.68,422.68,166
2024-06-06 07:40:00,422.71,422.85,422.71,422.85,662
2024-06-06 07:45:00,422.97,422.97,422.76,422.76,300
2024-06-06 07:50:00,422.84,422.84,422.84,422.84,100
2024-06-06 07:55:00,423.0,423.0,423.0,423.0,770
2024-06-06 08:00:00,423.3,423.87,422.23,422.33,6089
2024-06-06 08:05:00,423.3,423.85,422.31,423.3985,2612
2024-06-06 08:10:00,423.44,423.44,423.35,423.35,225
2024-06-06 08:15:00,423.44,423.73,423.35,423.5,2020
2024-06-06 08:20:00,423.51,423.51,423.22,423.22,3181
2024-06-06 08:25:00,423.25,423.25,423.08,423.08,1358
2024-06-06 08:30:00,423.1,423.42,422.81,422.81,2566
2024-06-06 08:35:00,422.7184,423.0,422.5,422.5,3272
2024-06-06 08:40:00,422.22,422.9,422.22,422.9,2639
2024-06-06 08:45:00,422.65,422.71,422.65,422.71,400
2024-06-06 08:50:00,422.5,423.0,422.5,423.0,538
2024-06-06 08:55:00,423.05,423.16,422.96,423.16,1899
2024-06-06 09:00:00,423.11,423.11,422.98,422.98,500
2024-06-06 09:05:00,423.03,423.3,423.03,423.3,429
2024-06-06 09:10:00,423.3467,423.35,423.3467,423.35,200
2024-06-06 09:15:00,423.3701,423.3701,423.3701,423.3701,175
2024-06-06 09:20:00,423.5,423.7,423.47,423.7,571
2024-06-06 09:25:00,423.7,424.19,423.7,424.0,2802
2024-06-06 09:30:00,424.02,424.4,422.59,424.3888,407301
2024-06-06 09:35:00,424.4,425.3,424.03,424.3399,261275
2024-06-06 09:40:00,424.34,424.94,424.25,424.83,92546
2024-06-06 09:45:00,424.835,424.91,423.87,424.43,104534
2024-06-06 09:50:00,424.405,425.31,423.94,424.25,157663
2024-06-06 09:55:00,424.24,424.36,423.14,423.32,140636
2024-06-06 10:00:00,423.37,424.11,423.28,423.47,160288
2024-06-06 10:05:00,423.495,423.77,422.79,422.7959,99039
2024-06-06 10:10:00,422.805,423.5918,422.805,422.96,118074
2024-06-06 10:15:00,422.99,423.56,422.9566,423.465,95307
2024-06-06 10:20:00,423.455,424.05,423.34,423.9979,71532
2024-06-06 10:25:00,423.99,423.99,423.29,423.44,69246
2024-06-06 10:30:00,423.41,423.48,422.91,422.93,63776
2024-06-06 10:35:00,422.93,423.2399,422.6264,422.905,114929
2024-06-06 10:40:00,422.915,423.23,422.87,423.06,78173
2024-06-06 10:45:00,423.05,423.08,422.645,422.97,89563
2024-06-06 10:50:00,422.94,423.05,422.57,423.0428,48143
2024-06-06 10:55:00,423.06,423.27,422.86,422.86,63333
2024-06-06 11:00:00,422.83,423.16,422.69,422.7401,72601
2024-06-06 11:05:00,422.8,422.85,422.43,422.565,67583
2024-06-06 11:10:00,422.55,422.58,422.16,422.26,54833
2024-06-06 11:15:00,422.275,422.36,422.0211,422.2637,59012
2024-06-06 11:20:00,422.28,422.32,421.47,421.5,79960
2024-06-06 11:25:00,421.5,421.67,421.3,421.4,95834
2024-06-06 11:30:00,421.42,421.48,421.021,421.06,85835
2024-06-06 11:35:00,421.08,421.2299,420.58,420.66,84201
2024-06-06 11:40:00,420.675,421.04,420.61,420.86,47504
2024-06-06 11:45:00,420.92,421.56,420.89,421.41,92716
2024-06-06 11:50:00,421.43,421.8557,421.4,421.78,131335
2024-06-06 11:55:00,421.775,421.8061,421.455,421.6,80493
2024-06-06 12:00:00,421.59,422.3,421.59,422.095,77288
2024-06-06 12:05:00,422.09,422.59,422.04,422.52,79593
2024-06-06 12:10:00,422.535,422.66,422.35,422.65,57612
2024-06-06 12:15:00,422.59,423.06,422.04,422.85,98354
2024-06-06 12:20:00,422.84,423.14,422.8175,423.015,55673
2024-06-06 12:25:00,422.985,423.18,422.77,422.98,53730
2024-06-06 12:30:00,423.0,423.2,422.91,423.105,39141
2024-06-06 12:35:00,423.13,423.19,422.79,422.82,45123
2024-06-06 12:40:00,422.8,422.83,422.4,422.61,46642
2024-06-06 12:45:00,422.62,422.83,422.57,422.7697,39527
2024-06-06 12:50:00,422.8,423.1277,422.795,423.0,49969
2024-06-06 12:55:00,423.0,423.45,422.975,423.42,64813
2024-06-06 13:00:00,423.43,423.54,423.23,423.4499,50031
2024-06-06 13:05:00,423.42,423.46,422.91,423.015,27764
2024-06-06 13:10:00,423.0093,423.36,423.0,423.15,28463
2024-06-06 13:15:00,423.18,423.295,423.03,423.06,23774
2024-06-06 13:20:00,423.065,423.16,422.85,422.94,32508
2024-06-06 13:25:00,422.94,423.13,422.9,423.09,33687
2024-06-06 13:30:00,423.1,423.145,422.81,422.855,30672
2024-06-06 13:35:00,422.855,423.09,422.7792,422.93,47409
2024-06-06 13:40:00,422.96,423.2,422.895,423.1006,38655
2024-06-06 13:45:00,423.11,423.31,423.0201,423.03,47578
2024-06-06 13:50:00,423.02,423.47,423.02,423.4375,34801
2024-06-06 13:55:00,423.43,423.4398,423.02,423.1699,31747
2024-06-06 14:00:00,423.16,423.34,423.01,423.01,30022
2024-06-06 14:05:00,423.0,423.0,422.2,422.27,72154
2024-06-06 14:10:00,422.24,422.495,422.02,422.4524,46402
2024-06-06 14:15:00,422.4207,423.005,422.18,422.885,43634
2024-06-06 14:20:00,422.88,423.185,422.66,423.065,41942
2024-06-06 14:25:00,423.055,423.2998,422.945,423.2899,38292
2024-06-06 14:30:00,423.29,423.29,422.85,423.11,46919
2024-06-06 14:35:00,423.1299,423.285,422.8001,423.02,42278
2024-06-06 14:40:00,422.98,423.47,422.97,423.25,39328
2024-06-06 14:45:00,423.28,423.44,422.99,422.99,24774
2024-06-06 14:50:00,422.98,423.55,422.98,423.505,33898
2024-06-06 14:55:00,423.535,423.6,423.31,423.31,44584
2024-06-06 15:00:00,423.25,423.4101,423.16,423.3494,37741
2024-06-06 15:05:00,423.3771,423.71,423.3771,423.645,29356
2024-06-06 15:10:00,423.64,423.66,423.06,423.105,28392
2024-06-06 15:15:00,423.1,423.475,423.06,423.47,39056
2024-06-06 15:20:00,423.47,423.55,423.28,423.41,29337
2024-06-06 15:25:00,423.44,423.72,423.28,423.64,39099
2024-06-06 15:30:00,423.64,423.88,423.49,423.53,34620
2024-06-06 15:35:00,423.5,423.615,423.26,423.47,33375
2024-06-06 15:40:00,423.4668,423.63,423.3,423.56,44361
2024-06-06 15:45:00,423.56,423.99,423.43,423.825,58423
2024-06-06 15:50:00,423.89,424.7,423.89,424.45,235350
2024-06-06 15:55:00,424.46,424.7,424.1,424.49,391290
2024-06-06 16:00:00,424.45,424.52,424.3,424.52,3790111
2024-06-06 16:05:00,424.52,424.52,424.05,424.3,6934
2024-06-06 16:10:00,424.05,424.2,424.02,424.02,2350
2024-06-06 16:15:00,424.02,424.02,424.02,424.02,118
2024-06-06 16:20:00,424.0253,424.2,424.0253,424.2,500
2024-06-06 16:30:00,424.38,424.38,424.38,424.38,390
2024-06-06 16:35:00,424.02,424.3,424.0,424.0,1344
2024-06-06 16:40:00,424.0,424.0,424.0,424.0,243
2024-06-06 16:50:00,424.0,424.05,424.0,424.05,300
2024-06-06 16:55:00,424.0033,424.0033,424.0,424.0,410
2024-06-06 17:00:00,424.01,424.01,424.01,424.01,106
2024-06-06 17:10:00,424.0,424.0,424.0,424.0,200
2024-06-06 17:20:00,424.0,424.0,424.0,424.0,300
2024-06-06 17:25:00,424.2436,424.2719,424.2436,424.2719,665
2024-06-06 17:35:00,424.0,424.0,424.0,424.0,148
2024-06-06 17:45:00,424.3,424.3,424.3,424.3,116
2024-06-06 18:00:00,424.3,424.4,424.3,424.4,285
2024-06-06 18:10:00,424.5,424.7,424.5,424.7,1094
2024-06-06 18:15:00,424.3,424.3,424.3,424.3,390
2024-06-06 18:25:00,424.3,424.3,424.3,424.3,100
2024-06-06 18:30:00,424.35,424.35,424.35,424.35,100
2024-06-06 18:35:00,424.64,424.64,424.64,424.64,100
2024-06-06 18:40:00,424.8,425.0,424.8,425.0,3651
2024-06-06 18:50:00,424.6,424.6,424.3,424.3,4071
2024-06-06 19:15:00,424.49,424.52,424.49,424.52,465
2024-06-06 19:20:00,424.33,424.33,424.33,424.33,125
2024-06-06 19:25:00,424.52,424.52,424.52,424.52,267
2024-06-06 19:45:00,424.32,424.32,424.32,424.32,101
2024-06-06 19:50:00,424.45,424.45,424.43,424.45,1200
2024-06-07 04:05:00,424.89,424.89,424.89,424.89,100
2024-06-07 04:10:00,424.84,424.86,424.84,424.86,334
2024-06-07 04:15:00,424.86,424.86,424.85,424.85,355
2024-06-07 04:25:00,424.43,424.43,424.43,424.43,100
2024-06-07 04:50:00,424.16,424.17,424.0,424.0,400
2024-06-07 05:05:00,423.96,423.96,423.96,423.96,109
2024-06-07 05:25:00,424.04,424.04,424.04,424.04,220
2024-06-07 05:40:00,424.21,424.23,424.2,424.23,364
2024-06-07 06:00:00,424.24,424.28,424.24,424.28,300
2024-06-07 06:40:00,424.33,424.33,424.33,424.33,100
2024-06-07 06:45:00,424.2,424.2,424.2,424.2,125
2024-06-07 06:50:00,424.1,424.1,424.1,424.1,200
2024-06-07 07:00:00,424.38,424.38,424.38,424.38,100
2024-06-07 07:05:00,424.39,424.39,424.39,424.39,256
2024-06-07 07:10:00,424.33,424.33,424.33,424.33,100
2024-06-07 07:20:00,424.36,424.36,424.36,424.36,258
2024-06-07 07:25:00,424.14,424.14,424.14,424.14,389
2024-06-07 07:30:00,424.53,424.53,424.53,424.53,100
2024-06-07 07:35:00,424.74,424.74,424.74,424.74,100
2024-06-07 07:40:00,424.85,425.0,424.85,425.0,1076
2024-06-07 07:45:00,425.01,425.01,425.01,425.01,120
2024-06-07 07:50:00,425.0,425.11,425.0,425.11,483
2024-06-07 07:55:00,425.01,425.01,425.0,425.0,220
2024-06-07 08:00:00,424.4,425.2,424.03,424.38,8299
2024-06-07 08:05:00,424.31,424.43,424.31,424.43,261
2024-06-07 08:10:00,424.76,425.18,424.76,425.18,1136
2024-06-07 08:15:00,425.17,425.41,425.17,425.34,2762
2024-06-07 08:20:00,425.35,425.4903,425.34,425.35,1207
2024-06-07 08:25:00,425.35,425.48,425.1806,425.4435,2339
2024-06-07 08:30:00,425.5,426.25,423.05,424.49,7919
2024-06-07 08:35:00,424.46,424.5,424.17,424.5,988
2024-06-07 08:40:00,424.55,424.55,423.15,423.75,5246
2024-06-07 08:45:00,423.52,423.995,423.14,423.8,2480
2024-06-07 08:50:00,424.55,424.65,424.09,424.63,1532
2024-06-07 08:55:00,424.51,424.51,424.07,424.2,3720
2024-06-07 09:00:00,424.29,424.29,423.8,424.15,1463
2024-06-07 09:05:00,424.4,425.16,424.4,425.09,2353
2024-06-07 09:10:00,424.89,425.03,424.4,424.54,5179
2024-06-07 09:15:00,424.8,425.75,424.8,425.64,4080
2024-06-07 09:20:00,425.52,425.8,425.35,425.45,1413
2024-06-07 09:25:00,425.19,426.0,424.78,426.0,3687
2024-06-07 09:30:00,426.2,426.2,423.77,424.49,391851
2024-06-07 09:35:00,424.555,425.525,423.8269,423.985,162899
2024-06-07 09:40:00,423.99,425.415,423.94,425.27,164295
2024-06-07 09:45:00,425.29,425.52,424.98,425.325,80743
2024-06-07 09:50:00,425.34,426.02,425.0574,425.675,98251
2024-06-07 09:55:00,425.63,425.675,424.725,425.08,194398
2024-06-07 10:00:00,425.06,425.22,424.11,424.3,79732
2024-06-07 10:05:00,424.34,424.69,423.935,424.47,51137
2024-06-07 10:10:00,424.4682,424.6299,424.035,424.245,49792
2024-06-07 10:15:00,424.255,424.75,424.21,424.625,81842
2024-06-07 10:20:00,424.6,424.62,424.26,424.2834,49821
2024-06-07 10:25:00,424.305,424.36,424.03,424.1,51390
2024-06-07 10:30:00,424.04,424.08,423.72,423.98,55352
2024-06-07 10:35:00,423.98,425.07,423.98,424.95,85135
2024-06-07 10:40:00,424.969,425.53,424.95,425.45,69996
2024-06-07 10:45:00,425.435,425.88,425.3,425.85,152209
2024-06-07 10:50:00,425.76,425.76,425.44,425.625,45632
2024-06-07 10:55:00,425.58,425.59,424.8,425.06,80798
2024-06-07 11:00:00,425.1,425.1,424.17,424.33,56914
2024-06-07 11:05:00,424.335,424.4,423.82,424.056,61974
2024-06-07 11:10:00,424.01,424.25,423.66,424.21,78226
2024-06-07 11:15:00,424.21,424.28,423.96,424.1899,33661
2024-06-07 11:20:00,424.12,424.68,424.09,424.67,62503
2024-06-07 11:25:00,424.72,425.01,424.71,425.0,53945
2024-06-07 11:30:00,425.0,425.53,424.9999,425.3952,83630
2024-06-07 11:35:00,425.35,425.37,424.7515,424.8,71603
2024-06-07 11:40:00,424.83,425.08,424.57,424.88,56870
2024-06-07 11:45:00,424.91,425.27,424.77,425.19,40948
2024-06-07 11:50:00,425.23,425.37,425.0,425.1,59148
2024-06-07 11:55:00,425.1462,425.37,425.05,425.21,35637
2024-06-07 12:00:00,425.19,425.215,424.87,425.07,53780
2024-06-07 12:05:00,425.0512,425.36,424.91,425.25,57170
2024-06-07 12:10:00,425.26,425.42,424.85,424.88,44390
2024-06-07 12:15:00,424.88,425.085,424.8005,424.98,23453
2024-06-07 12:20:00,424.98,425.33,424.861,425.33,59566
2024-06-07 12:25:00,425.32,425.32,425.07,425.26,29630
2024-06-07 12:30:00,425.27,425.58,425.1301,425.175,75912
2024-06-07 12:35:00,425.13,425.14,424.89,424.9601,34777
2024-06-07 12:40:00,425.06,425.25,424.99,425.1966,22122
2024-06-07 12:45:00,425.15,425.22,424.55,424.87,50023
2024-06-07 12:50:00,424.89,425.74,424.89,425.74,66101
2024-06-07 12:55:00,425.74,426.16,425.74,425.9401,72452
2024-06-07 13:00:00,425.94,425.96,425.48,425.76,21305
2024-06-07 13:05:00,425.76,425.86,425.4635,425.53,40088
2024-06-07 13:10:00,425.535,425.665,425.39,425.46,44758
2024-06-07 13:15:00,425.42,425.7506,425.38,425.71,26480
2024-06-07 13:20:00,425.7225,426.28,425.68,426.2037,98629
2024-06-07 13:25:00,426.21,426.21,425.69,425.795,65713
2024-06-07 13:30:00,425.84,425.98,425.71,425.9742,25947
2024-06-07 13:35:00,425.98,426.13,425.6304,425.91,41047
2024-06-07 13:40:00,425.91,426.03,425.5907,425.93,32751
2024-06-07 13:45:00,425.94,426.0899,425.75,425.92,22495
2024-06-07 13:50:00,425.9459,426.2,425.92,426.02,39627
2024-06-07 13:55:00,425.9856,426.23,425.8,425.87,26283
2024-06-07 14:00:00,425.8,425.86,424.6992,424.7806,59796
2024-06-07 14:05:00,424.82,424.94,424.13,424.32,79049
2024-06-07 14:10:00,424.4,424.43,423.8,423.9,58174
2024-06-07 14:15:00,423.78,424.34,423.72,424.245,47127
2024-06-07 14:20:00,424.27,425.02,424.205,424.931,64658
2024-06-07 14:25:00,424.89,425.1,424.82,424.89,39993
2024-06-07 14:30:00,424.9,424.97,424.69,424.69,26384
2024-06-07 14:35:00,424.7,424.95,424.62,424.71,32665
2024-06-07 14:40:00,424.7,425.08,424.68,425.08,28098
2024-06-07 14:45:00,425.09,425.15,424.84,424.9221,34515
2024-06-07 14:50:00,424.9,425.135,424.69,425.135,47577
2024-06-07 14:55:00,425.145,425.1741,424.79,424.8319,22497
2024-06-07 15:00:00,424.82,425.06,424.35,424.82,40406
2024-06-07 15:05:00,424.8055,424.85,424.03,424.205,55687
2024-06-07 15:10:00,424.245,424.54,423.45,424.055,46403
2024-06-07 15:15:00,424.06,424.5765,423.82,423.91,54536
2024-06-07 15:20:00,423.9,424.021,423.45,423.81,49709
2024-06-07 15:25:00,423.81,424.3692,423.5975,424.33,45083
2024-06-07 15:30:00,424.32,424.5,424.135,424.4,97766
2024-06-07 15:35:00,424.4,424.51,423.86,423.97,103011
2024-06-07 15:40:00,423.93,424.04,423.5903,423.845,76915
2024-06-07 15:45:00,423.83,423.85,423.36,423.7,105382
2024-06-07 15:50:00,423.64,423.92,423.0,423.52,228440
2024-06-07 15:55:00,423.51,424.44,423.48,423.82,402143
2024-06-07 16:00:00,423.85,424.0,423.7,423.85,2446041
2024-06-07 16:05:00,423.85,423.85,423.7,423.7,3788
2024-06-07 16:10:00,423.799,423.799,423.7,423.7,970
2024-06-07 16:15:00,423.7,423.7,423.59,423.59,200
2024-06-07 16:20:00,423.51,423.84,423.51,423.5184,810
2024-06-07 16:25:00,423.55,423.85,423.55,423.8,1071002
2024-06-07 16:30:00,423.798,423.798,423.67,423.67,600
2024-06-07 16:35:00,423.6,423.61,423.51,423.51,300
2024-06-07 16:40:00,423.7532,424.05,423.7,424.05,33824
2024-06-07 16:45:00,423.87,423.87,423.85,423.85,850
2024-06-07 16:50:00,423.85,423.85,423.85,423.85,1446
2024-06-07 16:55:00,424.05,424.05,424.05,424.05,241
2024-06-07 17:00:00,424.0438,424.0438,424.0438,424.0438,325
2024-06-07 17:05:00,423.91,423.91,423.91,423.91,200
2024-06-07 17:10:00,423.85,423.85,423.85,423.85,282975
2024-06-07 17:15:00,423.95,423.95,423.95,423.95,100
2024-06-07 17:20:00,423.8512,423.8512,423.85,423.85,524
2024-06-07 17:25:00,423.98,423.98,423.85,423.85,1763
2024-06-07 17:30:00,423.75,423.75,423.75,423.75,199
2024-06-07 17:35:00,423.68,423.85,423.58,423.58,283175
2024-06-07 17:45:00,423.5,423.5,423.5,423.5,175
2024-06-07 17:50:00,423.3,423.3,423.3,423.3,199
2024-06-07 18:05:00,423.55,423.55,423.55,423.55,500
2024-06-07 18:10:00,423.7819,423.7819,423.7819,423.7819,124
2024-06-07 18:25:00,423.548,423.55,423.548,423.55,300
2024-06-07 18:30:00,423.33,423.33,423.33,423.33,439
2024-06-07 18:35:00,423.369,423.369,423.369,423.369,100
2024-06-07 18:50:00,423.37,423.37,423.37,423.37,800
2024-06-07 18:55:00,423.6,423.6,423.3,423.3,1494
2024-06-07 19:15:00,423.45,423.45,423.45,423.45,497
2024-06-07 19:25:00,423.42,423.59,423.42,423.59,557
2024-06-07 19:55:00,423.46,423.84,423.45,423.81,2519
2024-06-10 04:00:00,423.8,423.82,423.8,423.82,373
2024-06-10 04:05:00,423.65,423.65,423.65,423.65,200
2024-06-10 04:15:00,423.84,423.85,423.68,423.75,618
2024-06-10 04:25:00,423.9,423.9,423.85,423.85,518
2024-06-10 04:35:00,423.93,423.93,423.92,423.92,200
2024-06-10 04:45:00,423.76,423.77,423.75,423.75,425
2024-06-10 04:55:00,423.67,423.67,423.67,423.67,100
2024-06-10 05:20:00,423.45,423.45,423.41,423.41,300
2024-06-10 05:40:00,423.81,423.81,423.8,423.8,276
2024-06-10 06:50:00,424.19,424.21,424.19,424.21,218
2024-06-10 07:00:00,423.91,423.91,423.91,423.91,150
2024-06-10 07:15:00,424.17,424.4,424.17,424.4,780
2024-06-10 07:30:00,424.3,424.3,424.3,424.3,166
2024-06-10 07:45:00,424.45,424.45,424.45,424.45,300
2024-06-10 08:00:00,424.0,424.72,423.2,424.5,4441
2024-06-10 08:05:00,423.0,424.62,423.0,424.62,1378
2024-06-10 08:15:00,424.4,424.43,424.4,424.43,1244
2024-06-10 08:20:00,424.49,424.49,424.49,424.49,168
2024-06-10 08:30:00,424.45,424.45,424.25,424.25,400
2024-06-10 08:35:00,424.39,424.56,424.39,424.45,1569
2024-06-10 08:40:00,424.56,424.69,424.51,424.69,2257
2024-06-10 08:45:00,424.68,424.79,424.61,424.61,1570
2024-06-10 08:50:00,424.62,424.7894,424.302,424.66,2805
2024-06-10 08:55:00,424.41,424.51,424.25,424.51,2190
2024-06-10 09:00:00,424.5,424.8,424.4,424.5,2693
2024-06-10 09:05:00,424.69,424.69,424.69,424.69,100
2024-06-10 09:10:00,424.7,424.8658,424.69,424.69,2701
2024-06-10 09:15:00,424.65,424.8,424.5,424.5,1544
2024-06-10 09:20:00,424.2,424.4394,423.85,424.4394,1027
2024-06-10 09:25:00,424.02,425.23,424.02,424.22,3733
2024-06-10 09:30:00,424.66,425.5624,423.89,424.9,348163
2024-06-10 09:35:00,424.92,426.01,424.77,425.61,109406
2024-06-10 09:40:00,425.7088,425.71,424.5863,424.7,116760
2024-06-10 09:45:00,424.7,427.025,424.66,426.8987,205935
2024-06-10 09:50:00,426.84,427.8354,426.47,427.67,204504
2024-06-10 09:55:00,427.7,427.8397,426.75,426.895,183703
2024-06-10 10:00:00,426.94,427.35,426.68,426.81,102835
2024-06-10 10:05:00,426.7424,427.23,426.29,426.98,112919
2024-06-10 10:10:00,426.94,427.11,425.94,426.1876,95345
2024-06-10 10:15:00,426.17,426.24,425.62,425.73,74613
2024-06-10 10:20:00,425.74,426.25,425.69,425.8799,103506
2024-06-10 10:25:00,425.89,427.35,425.89,427.3,90543
2024-06-10 10:30:00,427.285,427.36,426.18,426.18,59435
2024-06-10 10:35:00,426.16,426.76,426.15,426.34,62765
2024-06-10 10:40:00,426.36,426.4379,426.21,426.37,40504
2024-06-10 10:45:00,426.43,426.7099,426.3796,426.46,40826
2024-06-10 10:50:00,426.47,426.71,426.46,426.599,27810
2024-06-10 10:55:00,426.57,426.76,426.2787,426.63,49362
2024-06-10 11:00:00,426.58,426.679,426.24,426.61,39510
2024-06-10 11:05:00,426.61,426.8965,426.5801,426.87,52438
2024-06-10 11:10:00,426.82,426.89,426.44,426.779,34450
2024-06-10 11:15:00,426.76,426.83,426.55,426.5899,43031
2024-06-10 11:20:00,426.5425,426.87,426.5425,426.87,38387
2024-06-10 11:25:00,426.8702,427.055,426.82,426.9001,38369
2024-06-10 11:30:00,426.96,427.35,426.96,427.25,68094
2024-06-10 11:35:00,427.28,427.56,426.96,427.46,54367
2024-06-10 11:40:00,427.53,427.67,427.41,427.57,48839
2024-06-10 11:45:00,427.549,427.63,427.12,427.215,48417
2024-06-10 11:50:00,427.225,427.42,427.2,427.36,32916
2024-06-10 11:55:00,427.39,427.44,426.69,426.88,63398
2024-06-10 12:00:00,426.875,426.95,426.71,426.85,35198
2024-06-10 12:05:00,426.86,427.03,426.8,426.95,34880
2024-06-10 12:10:00,426.95,427.19,426.95,427.1399,37301
2024-06-10 12:15:00,427.12,427.38,427.05,427.145,66802
2024-06-10 12:20:00,427.145,427.3,426.85,426.85,55435
2024-06-10 12:25:00,426.79,426.79,426.31,426.48,42434
2024-06-10 12:30:00,426.43,426.49,425.79,426.16,54526
2024-06-10 12:35:00,426.1101,426.1299,425.9,425.935,45470
2024-06-10 12:40:00,425.92,426.1,425.85,426.07,40892
2024-06-10 12:45:00,426.075,426.0899,425.84,425.9125,57927
2024-06-10 12:50:00,425.915,426.09,425.89,425.97,31589
2024-06-10 12:55:00,425.98,426.06,425.87,425.9,27287
2024-06-10 13:00:00,425.88,426.235,425.63,426.2,61528
2024-06-10 13:05:00,426.2045,426.36,426.0525,426.055,31226
2024-06-10 13:10:00,426.04,426.24,425.8,425.91,36329
2024-06-10 13:15:00,425.89,425.89,425.66,425.71,50234
2024-06-10 13:20:00,425.71,425.77,425.5,425.58,51611
2024-06-10 13:25:00,425.61,425.79,425.51,425.7228,34917
2024-06-10 13:30:00,425.69,425.7814,425.55,425.64,30558
2024-06-10 13:35:00,425.67,425.715,425.48,425.63,27013
2024-06-10 13:40:00,425.625,425.94,425.5901,425.94,65032
2024-06-10 13:45:00,425.92,426.83,425.92,426.71,75300
2024-06-10 13:50:00,426.71,426.92,426.52,426.8433,44024
2024-06-10 13:55:00,426.83,426.94,426.53,426.72,44934
2024-06-10 14:00:00,426.7299,426.779,426.47,426.73,31145
2024-06-10 14:05:00,426.79,426.959,426.1846,426.31,43106
2024-06-10 14:10:00,426.315,426.65,426.23,426.64,29652
2024-06-10 14:15:00,426.61,426.71,426.35,426.559,54666
2024-06-10 14:20:00,426.55,426.749,426.3,426.3,90615
2024-06-10 14:25:00,426.36,426.61,426.25,426.35,35137
2024-06-10 14:30:00,426.36,426.48,426.06,426.42,33956
2024-06-10 14:35:00,426.46,427.22,426.46,426.49,152359
2024-06-10 14:40:00,426.52,426.61,426.16,426.49,90703
2024-06-10 14:45:00,426.56,427.11,426.56,427.07,43017
2024-06-10 14:50:00,427.09,427.12,426.95,427.1,36123
2024-06-10 14:55:00,427.12,427.41,427.0495,427.4095,66262
2024-06-10 15:00:00,427.39,427.72,427.1801,427.6378,78339
2024-06-10 15:05:00,427.62,427.7299,427.13,427.2,86396
2024-06-10 15:10:00,427.1201,427.84,427.0,427.81,121252
2024-06-10 15:15:00,427.83,428.05,427.18,427.285,141073
2024-06-10 15:20:00,427.33,427.56,426.98,426.99,76057
2024-06-10 15:25:00,426.95,426.9806,426.81,426.96,52282
2024-06-10 15:30:00,426.955,427.09,426.69,426.94,64428
2024-06-10 15:35:00,426.935,427.05,426.765,426.78,30492
2024-06-10 15:40:00,426.78,427.33,426.63,426.9,89384
2024-06-10 15:45:00,426.905,426.93,426.6508,426.675,84871
2024-06-10 15:50:00,426.63,427.38,426.51,427.135,213374
2024-06-10 15:55:00,427.13,428.08,426.96,427.87,485632
2024-06-10 16:00:00,427.98,427.99,427.53,427.94,2044083
2024-06-10 16:05:00,427.95,427.95,427.49,427.5,85601
2024-06-10 16:10:00,427.41,427.41,427.41,427.41,100
2024-06-10 16:15:00,427.4,427.5,427.33,427.45,730
2024-06-10 16:20:00,427.43,427.43,427.43,427.43,300
2024-06-10 16:25:00,427.46,427.46,427.46,427.46,1000
2024-06-10 16:30:00,427.5,427.5,427.48,427.48,873
2024-06-10 16:35:00,427.38,427.4,427.37,427.4,1106
2024-06-10 16:40:00,427.37,427.46,427.37,427.46,1300
2024-06-10 16:45:00,427.4791,427.4791,427.451,427.451,600
2024-06-10 16:50:00,427.4999,427.5,427.45,427.5,1180
2024-06-10 16:55:00,427.5,427.5,427.42,427.42,200
2024-06-10 17:00:00,427.3901,427.44,427.3801,427.44,500
2024-06-10 17:05:00,427.87,427.87,427.87,427.87,280528
2024-06-10 17:10:00,427.3601,427.4,427.3601,427.3999,1135
2024-06-10 17:15:00,427.34,427.34,427.33,427.33,300
2024-06-10 17:20:00,427.32,427.3699,427.314,427.3699,1900
2024-06-10 17:25:00,427.33,427.37,427.31,427.31,1241
2024-06-10 17:30:00,427.31,427.31,427.31,427.31,100
2024-06-10 17:35:00,427.32,427.32,427.3198,427.3198,200
2024-06-10 17:40:00,427.32,427.32,427.32,427.32,190
2024-06-10 17:45:00,427.3107,427.87,427.3048,427.3048,1461
2024-06-10 17:50:00,427.38,427.38,427.38,427.38,168
2024-06-10 18:05:00,427.75,427.87,427.75,427.87,1500
2024-06-10 18:10:00,427.88,428.0,427.88,427.9933,2084
2024-06-10 18:15:00,427.88,427.88,427.87,427.87,388
2024-06-10 18:20:00,427.89,427.89,427.87,427.87,719
2024-06-10 18:25:00,427.7,427.7,427.7,427.7,119
2024-06-10 18:35:00,427.98,427.98,427.98,427.98,100
